periode_data;wilayah;tanggal;harga;komoditas
202401;Jakarta Utara;31;71927;Cabe Merah Keriting
202401;Jakarta Utara;31;78807;Cabe Merah Besar (TW)
202401;Jakarta Utara;31;74606;Cabe Rawit Merah
202401;Jakarta Utara;31;50977;Cabe Rawit Hijau
202401;Jakarta Utara;31;41985;Bawang Merah
202401;Jakarta Utara;31;43643;Bawang Putih
202401;Jakarta Utara;31;146200;Daging Sapi Has (Paha Belakang)
202401;Jakarta Utara;31;144302;Daging Sapi Murni (Semur)
202401;Jakarta Utara;31;42011;Ayam Broiler/Ras
202401;Jakarta Utara;31;27316;Telur Ayam Ras
202401;Jakarta Utara;31;16086;Gula Pasir
202401;Jakarta Utara;31;11907;Tepung Terigu
202401;Jakarta Utara;31;4003;Garam Dapur
202401;Jakarta Utara;31;20644;Kentang (sedang)
202401;Jakarta Utara;31;22483;Tomat Buah
202401;Jakarta Utara;31;10300;Kelapa Kupas
202401;Jakarta Utara;31;12935;Semangka
202401;Jakarta Utara;31;33699;Jeruk Medan
202401;Jakarta Utara;31;140780;Daging Kambing
202401;Jakarta Utara;31;110032;Daging Babi Berlemak
202401;Jakarta Utara;31;39679;Ikan Bandeng (sedang)
202401;Jakarta Utara;31;36934;Ikan Mas
202401;Jakarta Utara;31;28106;Ikan Lele
202401;Jakarta Utara;31;20807;Gas Elpiji 3kg
202401;Jakarta Utara;31;43000;Susu Bubuk Bendera 400gr
202401;Jakarta Utara;31;51048;Susu Bubuk Dancow 400gr
202401;Jakarta Utara;31;14329;Susu Kental Bendera 200gr
202401;Jakarta Utara;31;11399;Susu Kental Enak 200gr
202401;Jakarta Utara;31;17507;Margarin Blueband Cup
202401;Jakarta Utara;31;11745;Margarin Blueband Sachet
202401;Jakarta Barat;31;14530;Beras IR I (IR 64)
202401;Jakarta Barat;31;13747;Beras IR II (IR 64) Ramos
202401;Jakarta Barat;31;12436;Beras IR III (IR 64)
202401;Jakarta Barat;31;15034;Beras Muncul I
202401;Jakarta Barat;31;14786;Beras IR 42/Pera
202401;Jakarta Barat;31;14237;Beras Setra I/Premium
202401;Jakarta Barat;31;15905;Minyak Goreng (Kuning/Curah)
202401;Jakarta Barat;31;69667;Cabe Merah Keriting
202401;Jakarta Barat;31;76638;Cabe Merah Besar (TW)
202401;Jakarta Barat;31;66473;Cabe Rawit Merah
202401;Jakarta Barat;31;44367;Cabe Rawit Hijau
202401;Jakarta Barat;31;38634;Bawang Merah
202401;Jakarta Barat;31;40426;Bawang Putih
202401;Jakarta Barat;31;140601;Daging Sapi Has (Paha Belakang)
202401;Jakarta Barat;31;135285;Daging Sapi Murni (Semur)
202401;Jakarta Barat;31;38649;Ayam Broiler/Ras
202401;Jakarta Barat;31;27358;Telur Ayam Ras
202401;Jakarta Barat;31;17524;Gula Pasir
202401;Jakarta Barat;31;11933;Tepung Terigu
202401;Jakarta Barat;31;4293;Garam Dapur
202401;Jakarta Barat;31;20622;Kentang (sedang)
202401;Jakarta Barat;31;24651;Tomat Buah
202401;Jakarta Barat;31;9291;Kelapa Kupas
202401;Jakarta Barat;31;11043;Semangka
202401;Jakarta Barat;31;26276;Jeruk Medan
202401;Jakarta Barat;31;146452;Daging Kambing
202401;Jakarta Barat;31;112253;Daging Babi Berlemak
202403;KOTA ADM. JAKARTA TIMUR;31;24.336.021.505.376.300;Mas
202403;KOTA ADM. JAKARTA TIMUR;31;17.927.419.354.838.700;Lele
202403;KOTA ADM. JAKARTA TIMUR;31;10.502.688.172.043.000;Gas Elpiji (3 kg)
202403;KOTA ADM. JAKARTA TIMUR;31;6.169.354.838.709.670;Susu Bubuk Bendera (400 gr)
202403;KOTA ADM. JAKARTA TIMUR;31;3750;Susu Bubuk Dancow (400 gr)
202403;KOTA ADM. JAKARTA TIMUR;31;7.885.752.688.172.040;Susu Kental Bendera ( 200 gr)
202403;KOTA ADM. JAKARTA TIMUR;31;4.943.548.387.096.770;Susu Kental Enak (200 gr)
202403;KOTA ADM. JAKARTA TIMUR;31;8.873.655.913.978.490;Margarine Blue Band Cup (250 gr)
202403;KOTA ADM. JAKARTA TIMUR;31;6.404.569.892.473.110;Margarine Blue Band Sachet (200 gr)
202404;Kota Adm. Jakarta Pusat;30;15429;Beras IR. I (IR 64)
202404;Kota Adm. Jakarta Pusat;30;14811;Beras IR. II (IR 64) Ramos
202404;Kota Adm. Jakarta Pusat;30;14973;Beras IR. III (IR 64)
202404;Kota Adm. Jakarta Pusat;30;15730;Beras Muncul .I
202404;Kota Adm. Jakarta Pusat;30;15835;Beras IR 42/Pera
202404;Kota Adm. Jakarta Pusat;30;15571;Beras Setra I/Premium
202404;Kota Adm. Jakarta Pusat;30;16906;Minyak Goreng (Kuning/Curah)
202404;Kota Adm. Jakarta Pusat;30;50188;Cabe Merah Keriting
202404;Kota Adm. Jakarta Pusat;30;62422;Cabe Merah Besar (TW)
202404;Kota Adm. Jakarta Pusat;30;50269;Cabe Rawit Merah
202404;Kota Adm. Jakarta Pusat;30;47986;Cabe Rawit Hijau
202404;Kota Adm. Jakarta Pusat;30;55453;Bawang Merah
202404;Kota Adm. Jakarta Pusat;30;45598;Bawang Putih
202404;Kota Adm. Jakarta Pusat;30;146318;Daging Sapi Has (Paha Belakang)
202404;Kota Adm. Jakarta Pusat;30;140626;Daging Sapi Murni (Semur)
202404;Kota Adm. Jakarta Pusat;30;44126;Ayam Broiler/Ras
202404;Kota Adm. Jakarta Pusat;30;29925;Telur Ayam Ras
202404;Kota Adm. Jakarta Pusat;30;16622;Gula Pasir
202404;Kota Adm. Jakarta Pusat;30;10317;Tepung Terigu
202404;Kota Adm. Jakarta Pusat;30;3677;Garam Dapur
202404;Kota Adm. Jakarta Pusat;30;19905;Kentang (sedang)
202404;Kota Adm. Jakarta Pusat;30;26928;Tomat Buah
202404;Kota Adm. Jakarta Pusat;30;10347;Kelapa Kupas
202404;Kota Adm. Jakarta Pusat;30;11763;Semangka
202404;Kota Adm. Jakarta Pusat;30;31375;Jeruk Medan
202404;Kota Adm. Jakarta Pusat;30;145288;Daging Kambing
202404;Kota Adm. Jakarta Pusat;30;123525;Daging Babi Berlemak
202404;Kota Adm. Jakarta Pusat;30;43699;Ikan Bandeng (sedang)
202404;Kota Adm. Jakarta Pusat;30;37029;Ikan Mas
202404;Kota Adm. Jakarta Pusat;30;27973;Ikan Lele
202404;Kota Adm. Jakarta Pusat;30;21514;Gas Elpiji 3kg
202404;Kota Adm. Jakarta Pusat;30;45000;Susu Bubuk Bendera 400gr
202404;Kota Adm. Jakarta Pusat;30;42640;Susu Bubuk Dancow 400gr
202404;Kota Adm. Jakarta Pusat;30;12132;Susu Kental Bendera 200gr
202404;Kota Adm. Jakarta Pusat;30;10574;Susu Kental Enak 200gr
202404;Kota Adm. Jakarta Pusat;30;15695;Margarin Blueband Cup
202404;Kota Adm. Jakarta Pusat;30;10174;Margarin Blueband Sachet
202404;Kota Adm. Jakarta Utara;30;15606;Beras IR. I (IR 64)
202404;Kota Adm. Jakarta Utara;30;15123;Beras IR. II (IR 64) Ramos
202404;Kota Adm. Jakarta Utara;30;14493;Beras IR. III (IR 64)
202404;Kota Adm. Jakarta Utara;30;16304;Beras Muncul .I
202404;Kota Adm. Jakarta Utara;30;16670;Beras IR 42/Pera
202401;Jakarta Barat;31;41717;Ikan Bandeng (sedang)
202401;Jakarta Barat;31;38699;Ikan Mas
202401;Jakarta Barat;31;29944;Ikan Lele
202401;Jakarta Barat;31;22306;Gas Elpiji 3kg
202401;Jakarta Barat;31;31871;Susu Bubuk Bendera 400gr
202401;Jakarta Barat;31;48661;Susu Bubuk Dancow 400gr
202401;Jakarta Barat;31;13806;Susu Kental Bendera 200gr
202401;Jakarta Barat;31;13097;Susu Kental Enak 200gr
202401;Jakarta Barat;31;15398;Margarin Blueband Cup
202401;Jakarta Barat;31;9984;Margarin Blueband Sachet
202401;Jakarta Selatan;31;13763;Beras IR I (IR 64)
202401;Jakarta Selatan;31;12872;Beras IR II (IR 64) Ramos
202401;Jakarta Selatan;31;12389;Beras IR III (IR 64)
202401;Jakarta Selatan;31;14600;Beras Muncul I
202401;Jakarta Selatan;31;14573;Beras IR 42/Pera
202401;Jakarta Selatan;31;13629;Beras Setra I/Premium
202404;Kota Adm. Jakarta Utara;30;16340;Beras Setra I/Premium
202404;Kota Adm. Jakarta Utara;30;16384;Minyak Goreng (Kuning/Curah)
202404;Kota Adm. Jakarta Utara;30;56199;Cabe Merah Keriting
202404;Kota Adm. Jakarta Utara;30;68156;Cabe Merah Besar (TW)
202404;Kota Adm. Jakarta Utara;30;56244;Cabe Rawit Merah
202404;Kota Adm. Jakarta Utara;30;54113;Cabe Rawit Hijau
202404;Kota Adm. Jakarta Utara;30;55197;Bawang Merah
202404;Kota Adm. Jakarta Utara;30;45791;Bawang Putih
202404;Kota Adm. Jakarta Utara;30;150216;Daging Sapi Has (Paha Belakang)
202404;Kota Adm. Jakarta Utara;30;145277;Daging Sapi Murni (Semur)
202404;Kota Adm. Jakarta Utara;30;45437;Ayam Broiler/Ras
202404;Kota Adm. Jakarta Utara;30;30102;Telur Ayam Ras
202404;Kota Adm. Jakarta Utara;30;16836;Gula Pasir
202404;Kota Adm. Jakarta Utara;30;11583;Tepung Terigu
202404;Kota Adm. Jakarta Utara;30;3914;Garam Dapur
202404;Kota Adm. Jakarta Utara;30;21527;Kentang (sedang)
202404;Kota Adm. Jakarta Utara;30;26086;Tomat Buah
202404;Kota Adm. Jakarta Utara;30;10582;Kelapa Kupas
202404;Kota Adm. Jakarta Utara;30;12599;Semangka
202404;Kota Adm. Jakarta Utara;30;33804;Jeruk Medan
202404;Kota Adm. Jakarta Utara;30;140681;Daging Kambing
202404;Kota Adm. Jakarta Utara;30;111868;Daging Babi Berlemak
202404;Kota Adm. Jakarta Utara;30;40935;Ikan Bandeng (sedang)
202404;Kota Adm. Jakarta Utara;30;37019;Ikan Mas
202404;Kota Adm. Jakarta Utara;30;28052;Ikan Lele
202404;Kota Adm. Jakarta Utara;30;21992;Gas Elpiji 3kg
202404;Kota Adm. Jakarta Utara;30;43863;Susu Bubuk Bendera 400gr
202404;Kota Adm. Jakarta Utara;30;50692;Susu Bubuk Dancow 400gr
202404;Kota Adm. Jakarta Utara;30;15377;Susu Kental Bendera 200gr
202404;Kota Adm. Jakarta Utara;30;11262;Susu Kental Enak 200gr
202404;Kota Adm. Jakarta Utara;30;17417;Margarin Blueband Cup
202404;Kota Adm. Jakarta Utara;30;12065;Margarin Blueband Sachet
202404;Kota Adm. Jakarta Barat;30;16111;Beras IR. I (IR 64)
202404;Kota Adm. Jakarta Barat;30;14726;Beras IR. II (IR 64) Ramos
202404;Kota Adm. Jakarta Barat;30;13620;Beras IR. III (IR 64)
202404;Kota Adm. Jakarta Barat;30;15652;Beras Muncul .I
202404;Kota Adm. Jakarta Barat;30;16264;Beras IR 42/Pera
202404;Kota Adm. Jakarta Barat;30;15361;Beras Setra I/Premium
202404;Kota Adm. Jakarta Barat;30;16921;Minyak Goreng (Kuning/Curah)
202404;Kota Adm. Jakarta Barat;30;49172;Cabe Merah Keriting
202404;Kota Adm. Jakarta Barat;30;63997;Cabe Merah Besar (TW)
202404;Kota Adm. Jakarta Barat;30;47428;Cabe Rawit Merah
202404;Kota Adm. Jakarta Barat;30;45182;Cabe Rawit Hijau
202404;Kota Adm. Jakarta Barat;30;58466;Bawang Merah
202404;Kota Adm. Jakarta Barat;30;44374;Bawang Putih
202404;Kota Adm. Jakarta Barat;30;147068;Daging Sapi Has (Paha Belakang)
202404;Kota Adm. Jakarta Barat;30;140105;Daging Sapi Murni (Semur)
202404;Kota Adm. Jakarta Barat;30;40989;Ayam Broiler/Ras
202404;Kota Adm. Jakarta Barat;30;29615;Telur Ayam Ras
202404;Kota Adm. Jakarta Barat;30;17806;Gula Pasir
202404;Kota Adm. Jakarta Barat;30;12064;Tepung Terigu
202404;Kota Adm. Jakarta Barat;30;4286;Garam Dapur
202404;Kota Adm. Jakarta Barat;30;19684;Kentang (sedang)
202404;Kota Adm. Jakarta Barat;30;27107;Tomat Buah
202404;Kota Adm. Jakarta Barat;30;9375;Kelapa Kupas
202404;Kota Adm. Jakarta Barat;30;11550;Semangka
202404;Kota Adm. Jakarta Barat;30;25643;Jeruk Medan
202404;Kota Adm. Jakarta Barat;30;150000;Daging Kambing
202404;Kota Adm. Jakarta Barat;30;112780;Daging Babi Berlemak
202404;Kota Adm. Jakarta Barat;30;42311;Ikan Bandeng (sedang)
202404;Kota Adm. Jakarta Barat;30;39777;Ikan Mas
202404;Kota Adm. Jakarta Barat;30;29731;Ikan Lele
202404;Kota Adm. Jakarta Barat;30;22066;Gas Elpiji 3kg
202404;Kota Adm. Jakarta Barat;30;28026;Susu Bubuk Bendera 400gr
202404;Kota Adm. Jakarta Barat;30;42608;Susu Bubuk Dancow 400gr
202404;Kota Adm. Jakarta Barat;30;13456;Susu Kental Bendera 200gr
202404;Kota Adm. Jakarta Barat;30;12213;Susu Kental Enak 200gr
202404;Kota Adm. Jakarta Barat;30;14947;Margarin Blueband Cup
202404;Kota Adm. Jakarta Barat;30;9779;Margarin Blueband Sachet
202404;Kota Adm. Jakarta Selatan;30;15415;Beras IR. I (IR 64)
202404;Kota Adm. Jakarta Selatan;30;14802;Beras IR. II (IR 64) Ramos
202404;Kota Adm. Jakarta Selatan;30;13884;Beras IR. III (IR 64)
202404;Kota Adm. Jakarta Selatan;30;17725;Beras Muncul .I
202404;Kota Adm. Jakarta Selatan;30;15959;Beras IR 42/Pera
202404;Kota Adm. Jakarta Selatan;30;15921;Beras Setra I/Premium
202404;Kota Adm. Jakarta Selatan;30;16863;Minyak Goreng (Kuning/Curah)
202404;Kota Adm. Jakarta Selatan;30;57315;Cabe Merah Keriting
202404;Kota Adm. Jakarta Selatan;30;73875;Cabe Merah Besar (TW)
202404;Kota Adm. Jakarta Selatan;30;56860;Cabe Rawit Merah
202404;Kota Adm. Jakarta Selatan;30;50112;Cabe Rawit Hijau
202404;Kota Adm. Jakarta Selatan;30;54261;Bawang Merah
202404;Kota Adm. Jakarta Selatan;30;47177;Bawang Putih
202404;Kota Adm. Jakarta Selatan;30;141214;Daging Sapi Has (Paha Belakang)
202404;Kota Adm. Jakarta Selatan;30;136283;Daging Sapi Murni (Semur)
202404;Kota Adm. Jakarta Selatan;30;43914;Ayam Broiler/Ras
202404;Kota Adm. Jakarta Selatan;30;29684;Telur Ayam Ras
202404;Kota Adm. Jakarta Selatan;30;16961;Gula Pasir
202404;Kota Adm. Jakarta Selatan;30;11339;Tepung Terigu
202404;Kota Adm. Jakarta Selatan;30;3823;Garam Dapur
202402;Jakarta Selatan;29;15999;Minyak Goreng (Kuning/Curah)
202402;Jakarta Selatan;29;79538;Cabe Merah Keriting
202402;Jakarta Selatan;29;93590;Cabe Merah Besar (TW)
202402;Jakarta Selatan;29;72225;Cabe Rawit Merah
202402;Jakarta Selatan;29;52473;Cabe Rawit Hijau
202402;Jakarta Selatan;29;37630;Bawang Merah
202402;Jakarta Selatan;29;41980;Bawang Putih
202402;Jakarta Selatan;29;138780;Daging Sapi Has (Paha Belakang)
202402;Jakarta Selatan;29;137034;Daging Sapi Murni (Semur)
202402;Jakarta Selatan;29;41105;Ayam Broiler/Ras
202402;Jakarta Selatan;29;28674;Telur Ayam Ras
202402;Jakarta Selatan;29;16497;Gula Pasir
202402;Jakarta Selatan;29;11032;Tepung Terigu
202402;Jakarta Selatan;29;3665;Garam Dapur
202402;Jakarta Selatan;29;19868;Kentang (sedang)
202402;Jakarta Selatan;29;24008;Tomat Buah
202402;Jakarta Selatan;29;9830;Kelapa Kupas
202402;Jakarta Selatan;29;12025;Semangka
202402;Jakarta Selatan;29;29768;Jeruk Medan
202402;Jakarta Selatan;29;149388;Daging Kambing
202402;Jakarta Selatan;29;140000;Daging Babi Berlemak
202402;Jakarta Selatan;29;40076;Ikan Bandeng (sedang)
202402;Jakarta Selatan;29;37465;Ikan Mas
202402;Jakarta Selatan;29;28408;Ikan Lele
202402;Jakarta Selatan;29;20000;Gas Elpiji 3kg
202402;Jakarta Selatan;29;0;Susu Bubuk Bendera 400gr
202402;Jakarta Selatan;29;46655;Susu Bubuk Dancow 400gr
202402;Jakarta Selatan;29;12808;Susu Kental Bendera 200gr
202402;Jakarta Selatan;29;11345;Susu Kental Enak 200gr
202402;Jakarta Selatan;29;16109;Margarin Blueband Cup
202402;Jakarta Selatan;29;10802;Margarin Blueband Sachet
202402;Jakarta Timur;29;14252;Beras IR I (IR 64)
202402;Jakarta Timur;29;14078;Beras IR II (IR 64) Ramos
202402;Jakarta Timur;29;13863;Beras IR III (IR 64)
202402;Jakarta Timur;29;14641;Beras Muncul I
202402;Jakarta Timur;29;15291;Beras IR 42/Pera
202402;Jakarta Timur;29;14842;Beras Setra I/Premium
202402;Jakarta Timur;29;15793;Minyak Goreng (Kuning/Curah)
202402;Jakarta Timur;29;79109;Cabe Merah Keriting
202402;Jakarta Timur;29;93086;Cabe Merah Besar (TW)
202402;Jakarta Timur;29;70084;Cabe Rawit Merah
202402;Jakarta Timur;29;50583;Cabe Rawit Hijau
202402;Jakarta Timur;29;37057;Bawang Merah
202402;Jakarta Timur;29;42883;Bawang Putih
202402;Jakarta Timur;29;143277;Daging Sapi Has (Paha Belakang)
202402;Jakarta Timur;29;136448;Daging Sapi Murni (Semur)
202402;Jakarta Timur;29;39455;Ayam Broiler/Ras
202402;Jakarta Timur;29;28264;Telur Ayam Ras
202402;Jakarta Timur;29;16378;Gula Pasir
202402;Jakarta Timur;29;10434;Tepung Terigu
202402;Jakarta Timur;29;3467;Garam Dapur
202402;Jakarta Timur;29;18366;Kentang (sedang)
202402;Jakarta Timur;29;20323;Tomat Buah
202402;Jakarta Timur;29;9599;Kelapa Kupas
202402;Jakarta Timur;29;10571;Semangka
202402;Jakarta Timur;29;26871;Jeruk Medan
202402;Jakarta Timur;29;146190;Daging Kambing
202402;Jakarta Timur;29;98030;Daging Babi Berlemak
202402;Jakarta Timur;29;41067;Ikan Bandeng (sedang)
202402;Jakarta Timur;29;36980;Ikan Mas
202402;Jakarta Timur;29;27400;Ikan Lele
202402;Jakarta Timur;29;20683;Gas Elpiji 3kg
202402;Jakarta Timur;29;45000;Susu Bubuk Bendera 400gr
202402;Jakarta Timur;29;45000;Susu Bubuk Dancow 400gr
202402;Jakarta Timur;29;11941;Susu Kental Bendera 200gr
202402;Jakarta Timur;29;10827;Susu Kental Enak 200gr
202402;Jakarta Timur;29;13336;Margarin Blueband Cup
202402;Jakarta Timur;29;9519;Margarin Blueband Sachet
202402;Jakarta Pusat;29;16100;Beras IR I (IR 64)
202402;Jakarta Pusat;29;15571;Beras IR II (IR 64) Ramos
202402;Jakarta Pusat;29;15096;Beras IR III (IR 64)
202402;Jakarta Pusat;29;15557;Beras Muncul I
202402;Jakarta Pusat;29;16589;Beras IR 42/Pera
202402;Jakarta Pusat;29;16643;Beras Setra I/Premium
202402;Jakarta Pusat;29;16036;Minyak Goreng (Kuning/Curah)
202402;Jakarta Pusat;29;75556;Cabe Merah Keriting
202402;Jakarta Pusat;29;96556;Cabe Merah Besar (TW)
202402;Jakarta Pusat;29;68571;Cabe Rawit Merah
202402;Jakarta Pusat;29;41286;Cabe Rawit Hijau
202402;Jakarta Pusat;29;35857;Bawang Merah
202402;Jakarta Pusat;29;37679;Bawang Putih
202402;Jakarta Pusat;29;140000;Daging Sapi Has (Paha Belakang)
202402;Jakarta Pusat;29;140000;Daging Sapi Murni (Semur)
202402;Jakarta Pusat;29;35000;Ayam Broiler/Ras
202402;Jakarta Pusat;29;28714;Telur Ayam Ras
202402;Jakarta Pusat;29;17000;Gula Pasir
202402;Jakarta Pusat;29;11000;Tepung Terigu
202402;Jakarta Pusat;29;5000;Garam Dapur
202402;Jakarta Pusat;29;19407;Kentang (sedang)
202402;Jakarta Pusat;29;24607;Tomat Buah
202402;Jakarta Pusat;29;10000;Kelapa Kupas
202402;Jakarta Pusat;29;10196;Semangka
202402;Jakarta Pusat;29;26161;Jeruk Medan
202402;Jakarta Pusat;29;149500;Daging Kambing
202402;Jakarta Pusat;29;130000;Daging Babi Berlemak
202402;Jakarta Pusat;29;45000;Ikan Bandeng (sedang)
202402;Jakarta Pusat;29;39889;Ikan Mas
202402;Jakarta Pusat;29;27929;Ikan Lele
202402;Jakarta Pusat;29;22000;Gas Elpiji 3kg
202402;Jakarta Pusat;29;50000;Susu Bubuk Bendera 400gr
202402;Jakarta Pusat;29;50000;Susu Bubuk Dancow 400gr
202402;Jakarta Pusat;29;14607;Susu Kental Bendera 200gr
202402;Jakarta Pusat;29;12304;Susu Kental Enak 200gr
202402;Jakarta Pusat;29;15589;Margarin Blueband Cup
202402;Jakarta Pusat;29;11036;Margarin Blueband Sachet
202402;Jakarta Utara;29;15471;Beras IR I (IR 64)
202402;Jakarta Utara;29;14640;Beras IR II (IR 64) Ramos
202402;Jakarta Utara;29;13976;Beras IR III (IR 64)
202402;Jakarta Utara;29;15960;Beras Muncul I
202402;Jakarta Utara;29;16634;Beras IR 42/Pera
202402;Jakarta Utara;29;15443;Beras Setra I/Premium
202402;Jakarta Utara;29;15526;Minyak Goreng (Kuning/Curah)
202402;Jakarta Utara;29;78644;Cabe Merah Keriting
202402;Jakarta Utara;29;88501;Cabe Merah Besar (TW)
202402;Jakarta Utara;29;75428;Cabe Rawit Merah
202402;Jakarta Utara;29;54148;Cabe Rawit Hijau
202402;Jakarta Utara;29;41162;Bawang Merah
202402;Jakarta Utara;29;42758;Bawang Putih
202402;Jakarta Utara;29;145899;Daging Sapi Has (Paha Belakang)
202402;Jakarta Utara;29;144203;Daging Sapi Murni (Semur)
202402;Jakarta Utara;29;42246;Ayam Broiler/Ras
202402;Jakarta Utara;29;28477;Telur Ayam Ras
202402;Jakarta Utara;29;16138;Gula Pasir
202402;Jakarta Utara;29;11613;Tepung Terigu
202402;Jakarta Utara;29;4045;Garam Dapur
202402;Jakarta Utara;29;21090;Kentang (sedang)
202402;Jakarta Utara;29;23084;Tomat Buah
202402;Jakarta Utara;29;10229;Kelapa Kupas
202402;Jakarta Utara;29;12842;Semangka
202402;Jakarta Utara;29;34482;Jeruk Medan
202402;Jakarta Utara;29;140625;Daging Kambing
202402;Jakarta Utara;29;109348;Daging Babi Berlemak
202402;Jakarta Utara;29;40089;Ikan Bandeng (sedang)
202402;Jakarta Utara;29;36651;Ikan Mas
202402;Jakarta Utara;29;27767;Ikan Lele
202402;Jakarta Utara;29;20786;Gas Elpiji 3kg
202402;Jakarta Utara;29;43000;Susu Bubuk Bendera 400gr
202402;Jakarta Utara;29;51554;Susu Bubuk Dancow 400gr
202402;Jakarta Utara;29;14776;Susu Kental Bendera 200gr
202402;Jakarta Utara;29;11380;Susu Kental Enak 200gr
202402;Jakarta Utara;29;17346;Margarin Blueband Cup
202402;Jakarta Utara;29;11658;Margarin Blueband Sachet
202402;Jakarta Barat;29;16100;Beras IR I (IR 64)
202402;Jakarta Barat;29;15571;Beras IR II (IR 64) Ramos
202402;Jakarta Barat;29;15096;Beras IR III (IR 64)
202402;Jakarta Barat;29;15557;Beras Muncul I
202402;Jakarta Barat;29;16589;Beras IR 42/Pera
202402;Jakarta Barat;29;16643;Beras Setra I/Premium
202402;Jakarta Barat;29;16036;Minyak Goreng (Kuning/Curah)
202402;Jakarta Barat;29;75556;Cabe Merah Keriting
202402;Jakarta Barat;29;96556;Cabe Merah Besar (TW)
202402;Jakarta Barat;29;68571;Cabe Rawit Merah
202402;Jakarta Barat;29;41286;Cabe Rawit Hijau
202402;Jakarta Barat;29;35857;Bawang Merah
202402;Jakarta Barat;29;37679;Bawang Putih
202402;Jakarta Barat;29;140000;Daging Sapi Has (Paha Belakang)
202402;Jakarta Barat;29;140000;Daging Sapi Murni (Semur)
202402;Jakarta Barat;29;35000;Ayam Broiler/Ras
202402;Jakarta Barat;29;28714;Telur Ayam Ras
202402;Jakarta Barat;29;17000;Gula Pasir
202402;Jakarta Barat;29;11000;Tepung Terigu
202402;Jakarta Barat;29;5000;Garam Dapur
202402;Jakarta Barat;29;19407;Kentang (sedang)
202402;Jakarta Barat;29;24607;Tomat Buah
202402;Jakarta Barat;29;10000;Kelapa Kupas
202402;Jakarta Barat;29;10196;Semangka
202402;Jakarta Barat;29;26161;Jeruk Medan
202402;Jakarta Barat;29;149500;Daging Kambing
202402;Jakarta Barat;29;130000;Daging Babi Berlemak
202402;Jakarta Barat;29;45000;Ikan Bandeng (sedang)
202402;Jakarta Barat;29;39889;Ikan Mas
202402;Jakarta Barat;29;27929;Ikan Lele
202402;Jakarta Barat;29;22000;Gas Elpiji 3kg
202402;Jakarta Barat;29;50000;Susu Bubuk Bendera 400gr
202402;Jakarta Barat;29;50000;Susu Bubuk Dancow 400gr
202402;Jakarta Barat;29;14607;Susu Kental Bendera 200gr
202402;Jakarta Barat;29;12304;Susu Kental Enak 200gr
202402;Jakarta Barat;29;15589;Margarin Blueband Cup
202402;Jakarta Barat;29;11036;Margarin Blueband Sachet
202402;Jakarta Selatan;29;14417;Beras IR I (IR 64)
202402;Jakarta Selatan;29;13752;Beras IR II (IR 64) Ramos
202402;Jakarta Selatan;29;13310;Beras IR III (IR 64)
202402;Jakarta Selatan;29;15843;Beras Muncul I
202402;Jakarta Selatan;29;15459;Beras IR 42/Pera
202402;Jakarta Selatan;29;14760;Beras Setra I/Premium
202403;KOTA ADM. JAKARTA PUSAT;31;12.434.516.129.032.200;Beras IR. I (IR 64) = 5% - 10%
202403;KOTA ADM. JAKARTA PUSAT;31;12.196.774.193.548.300;Beras IR. II (IR 64) Ramos = 10% - 15%
202403;KOTA ADM. JAKARTA PUSAT;31;1.090.209.677.419.350;Beras IR. III (IR 64) = 15% - 20%
202403;KOTA ADM. JAKARTA PUSAT;31;7.270.967.741.935.480;Muncul I
202403;KOTA ADM. JAKARTA PUSAT;31;11.300.645.161.290.300;Beras IR 42 / Pera
202403;KOTA ADM. JAKARTA PUSAT;31;10.088.709.677.419.300;Setra I / Premium = < 5%
202403;KOTA ADM. JAKARTA PUSAT;31;13700;Minyak Goreng (Kuning / Curah)
202403;KOTA ADM. JAKARTA PUSAT;31;65.380.645.161.290.300;Cabe Merah Keriting
202403;KOTA ADM. JAKARTA PUSAT;31;7.893.225.806.451.610;Cabe Merah Besar (TW)
202403;KOTA ADM. JAKARTA PUSAT;31;6.349.354.838.709.670;Cabe Rawit Merah
202403;KOTA ADM. JAKARTA PUSAT;31;4.730.645.161.290.320;Cabe Rawit Hijau
202403;KOTA ADM. JAKARTA PUSAT;31;3.554.516.129.032.250;Bawang Merah
202403;KOTA ADM. JAKARTA PUSAT;31;38.738.709.677.419.300;Bawang Putih
202403;KOTA ADM. JAKARTA PUSAT;31;11.952.903.225.806.400;Daging Sapi Has (Paha Belakang)
202403;KOTA ADM. JAKARTA PUSAT;31;12.749.354.838.709.600;Daging Sapi Murni (semur)
202403;KOTA ADM. JAKARTA PUSAT;31;3.066.774.193.548.380;Ayam Broiler (Ras)
202403;KOTA ADM. JAKARTA PUSAT;31;28.683.870.967.741.900;Telur Ayam Ras
202403;KOTA ADM. JAKARTA PUSAT;31;14.882.258.064.516.100;Gula Pasir
202403;KOTA ADM. JAKARTA PUSAT;31;9.248.387.096.774.190;Tepung Terigu
202403;KOTA ADM. JAKARTA PUSAT;31;31.532.258.064.516.100;Garam Dapur
202403;KOTA ADM. JAKARTA PUSAT;31;17700;Kentang (sedang)
202403;KOTA ADM. JAKARTA PUSAT;31;23.138.709.677.419.300;Tomat Buah
202403;KOTA ADM. JAKARTA PUSAT;31;7400;Kelapa Kupas
202403;KOTA ADM. JAKARTA PUSAT;31;8.803.225.806.451.610;Semangka
202403;KOTA ADM. JAKARTA PUSAT;31;22.719.354.838.709.600;Jeruk Medan
202403;KOTA ADM. JAKARTA PUSAT;31;5.398.387.096.774.190;Daging Kambing
202403;KOTA ADM. JAKARTA PUSAT;31;4.525.806.451.612.900;Daging Babi Berlemak
202403;KOTA ADM. JAKARTA PUSAT;31;3.088.709.677.419.350;Bandeng (sedang)
202403;KOTA ADM. JAKARTA PUSAT;31;21.012.929.032.258.000;Mas
202403;KOTA ADM. JAKARTA PUSAT;31;15.754.838.709.677.400;Lele
202403;KOTA ADM. JAKARTA PUSAT;31;9.454.838.709.677.410;Gas Elpiji (3 kg)
202403;KOTA ADM. JAKARTA PUSAT;31;4.333.333.333.333.330;Susu Bubuk Bendera (400 gr)
202403;KOTA ADM. JAKARTA PUSAT;31;412.962.962.962.963;Susu Bubuk Dancow (400 gr)
202403;KOTA ADM. JAKARTA PUSAT;31;1.089.709.677.419.350;Susu Kental Bendera ( 200 gr)
202403;KOTA ADM. JAKARTA UTARA;31;14.370.967.741.935.400;Gula Pasir
202403;KOTA ADM. JAKARTA UTARA;31;10.318.548.387.096.700;Tepung Terigu
202403;KOTA ADM. JAKARTA UTARA;31;3.556.451.612.903.220;Garam Dapur
202403;KOTA ADM. JAKARTA UTARA;31;1.872.983.870.967.740;Kentang (sedang)
202403;KOTA ADM. JAKARTA UTARA;31;21.040.322.580.645.100;Tomat Buah
202403;KOTA ADM. JAKARTA UTARA;31;9.321.774.193.548.380;Kelapa Kupas
202403;KOTA ADM. JAKARTA UTARA;31;7.483.870.967.741.930;Semangka
202403;KOTA ADM. JAKARTA UTARA;31;15.548.387.096.774.100;Jeruk Medan
202403;KOTA ADM. JAKARTA UTARA;31;4.600.806.451.612.900;Daging Kambing
202403;KOTA ADM. JAKARTA UTARA;31;64.887.096.774.193.500;Daging Babi Berlemak
202403;KOTA ADM. JAKARTA UTARA;31;31.536.290.322.580.600;Bandeng (sedang)
202403;KOTA ADM. JAKARTA UTARA;31;27.040.322.580.645.100;Mas
202403;KOTA ADM. JAKARTA UTARA;31;21.963.709.677.419.300;Lele
202403;KOTA ADM. JAKARTA UTARA;31;6.862.903.225.806.450;Gas Elpiji (3 kg)
202403;KOTA ADM. JAKARTA UTARA;31;7.677.419.354.838.700;Susu Bubuk Bendera (400 gr)
202403;KOTA ADM. JAKARTA UTARA;31;14.693.548.387.096.700;Susu Bubuk Dancow (400 gr)
202403;KOTA ADM. JAKARTA UTARA;31;12.707.661.290.322.500;Susu Kental Bendera ( 200 gr)
202403;KOTA ADM. JAKARTA UTARA;31;7.512.096.774.193.540;Susu Kental Enak (200 gr)
202403;KOTA ADM. JAKARTA UTARA;31;15.520.161.290.322.500;Margarine Blue Band Cup (250 gr)
202403;KOTA ADM. JAKARTA UTARA;31;10.475.806.451.612.900;Margarine Blue Band Sachet (200 gr)
202403;KOTA ADM. JAKARTA BARAT;31;7.479.262.672.811.050;Beras IR. I (IR 64) = 5% - 10%
202403;KOTA ADM. JAKARTA BARAT;31;9.239.631.336.405.520;Beras IR. II (IR 64) Ramos = 10% - 15%
202403;KOTA ADM. JAKARTA BARAT;31;8.716.129.032.258.060;Beras IR. III (IR 64) = 15% - 20%
202403;KOTA ADM. JAKARTA BARAT;31;23.285.714.285.714.200;Muncul I
202403;KOTA ADM. JAKARTA BARAT;31;12.548.387.096.774.100;Beras IR 42 / Pera
202403;KOTA ADM. JAKARTA BARAT;31;7.767.281.105.990.780;Setra I / Premium = < 5%
202403;KOTA ADM. JAKARTA BARAT;31;15.235.023.041.474.600;Minyak Goreng (Kuning / Curah)
202403;KOTA ADM. JAKARTA PUSAT;31;7.735.806.451.612.900;Susu Kental Enak (200 gr)
202403;KOTA ADM. JAKARTA PUSAT;31;1.272.258.064.516.120;Margarine Blue Band Cup (250 gr)
202403;KOTA ADM. JAKARTA PUSAT;31;9.041.935.483.870.960;Margarine Blue Band Sachet (200 gr)
202403;KOTA ADM. JAKARTA UTARA;31;1.061.290.322.580.640;Beras IR. I (IR 64) = 5% - 10%
202403;KOTA ADM. JAKARTA UTARA;31;11.852.822.580.645.100;Beras IR. II (IR 64) Ramos = 10% - 15%
202403;KOTA ADM. JAKARTA UTARA;31;988.508.064.516.129;Beras IR. III (IR 64) = 15% - 20%
202403;KOTA ADM. JAKARTA UTARA;31;10.860.887.096.774.100;Muncul I
202403;KOTA ADM. JAKARTA UTARA;31;13.356.854.838.709.600;Beras IR 42 / Pera
202403;KOTA ADM. JAKARTA UTARA;31;14.796.370.967.741.900;Setra I / Premium = < 5%
202403;KOTA ADM. JAKARTA UTARA;31;1.061.290.322.580.640;Minyak Goreng (Kuning / Curah)
202403;KOTA ADM. JAKARTA UTARA;31;65.362.903.225.806.400;Cabe Merah Keriting
202403;KOTA ADM. JAKARTA UTARA;31;7.074.596.774.193.540;Cabe Merah Besar (TW)
202403;KOTA ADM. JAKARTA UTARA;31;6.403.225.806.451.610;Cabe Rawit Merah
202403;KOTA ADM. JAKARTA UTARA;31;48710;Cabe Rawit Hijau
202403;KOTA ADM. JAKARTA UTARA;31;37.088.709.677.419.300;Bawang Merah
202403;KOTA ADM. JAKARTA UTARA;31;3.864.112.903.225.800;Bawang Putih
202403;KOTA ADM. JAKARTA UTARA;31;11.754.032.258.064.500;Daging Sapi Has (Paha Belakang)
202403;KOTA ADM. JAKARTA UTARA;31;12.805.648.387.096.700;Daging Sapi Murni (semur)
202403;KOTA ADM. JAKARTA UTARA;31;3.955.645.161.290.320;Ayam Broiler (Ras)
202403;KOTA ADM. JAKARTA UTARA;31;2.823.790.322.580.640;Telur Ayam Ras
202403;KOTA ADM. JAKARTA BARAT;31;5.956.221.198.156.680;Cabe Merah Keriting
202403;KOTA ADM. JAKARTA BARAT;31;6.564.055.299.539.170;Cabe Merah Besar (TW)
202403;KOTA ADM. JAKARTA BARAT;31;5.770.506.912.442.390;Cabe Rawit Merah
202403;KOTA ADM. JAKARTA BARAT;31;4.581.105.990.783.400;Cabe Rawit Hijau
202403;KOTA ADM. JAKARTA BARAT;31;3.454.377.880.184.330;Bawang Merah
202403;KOTA ADM. JAKARTA BARAT;31;36.188.940.092.165.800;Bawang Putih
202403;KOTA ADM. JAKARTA BARAT;31;12.983.870.967.741.900;Daging Sapi Has (Paha Belakang)
202403;KOTA ADM. JAKARTA BARAT;31;12.495.391.705.069.100;Daging Sapi Murni (semur)
202403;KOTA ADM. JAKARTA BARAT;31;3.535.944.700.460.820;Ayam Broiler (Ras)
202403;KOTA ADM. JAKARTA BARAT;31;28.963.133.640.552.900;Telur Ayam Ras
202403;KOTA ADM. JAKARTA BARAT;31;16.025.345.622.119.800;Gula Pasir
202403;KOTA ADM. JAKARTA BARAT;31;10.921.658.986.175.100;Tepung Terigu
202403;KOTA ADM. JAKARTA BARAT;31;3.400.921.658.986.170;Garam Dapur
202403;KOTA ADM. JAKARTA BARAT;31;1.795.622.119.815.660;Kentang (sedang)
202403;KOTA ADM. JAKARTA BARAT;31;23.308.755.760.368.600;Tomat Buah
202403;KOTA ADM. JAKARTA BARAT;31;7.149.769.585.253.450;Kelapa Kupas
202403;KOTA ADM. JAKARTA BARAT;31;5.216.589.861.751.150;Semangka
202403;KOTA ADM. JAKARTA BARAT;31;1.183.870.967.741.930;Jeruk Medan
202403;KOTA ADM. JAKARTA BARAT;31;3.299.539.170.506.910;Daging Kambing
202403;KOTA ADM. JAKARTA BARAT;31;7.052.995.391.705.060;Daging Babi Berlemak
202403;KOTA ADM. JAKARTA BARAT;31;3.916.129.032.258.060;Bandeng (sedang)
202403;KOTA ADM. JAKARTA BARAT;31;2.413.364.055.299.530;Mas
202403;KOTA ADM. JAKARTA BARAT;31;18.723.576.036.866.300;Lele
202403;KOTA ADM. JAKARTA BARAT;31;9.179.723.502.304.140;Gas Elpiji (3 kg)
202403;KOTA ADM. JAKARTA BARAT;31;8.847.926.267.281.100;Susu Bubuk Bendera (400 gr)
202403;KOTA ADM. JAKARTA BARAT;31;7.093.596.059.113.290;Susu Bubuk Dancow (400 gr)
202403;KOTA ADM. JAKARTA BARAT;31;1.228.352.073.732.710;Susu Kental Bendera ( 200 gr)
202403;KOTA ADM. JAKARTA BARAT;31;5.119.815.668.202.760;Susu Kental Enak (200 gr)
202403;KOTA ADM. JAKARTA BARAT;31;71.981.566.820.276.400;Margarine Blue Band Cup (250 gr)
202403;KOTA ADM. JAKARTA BARAT;31;8.811.059.907.834.100;Margarine Blue Band Sachet (200 gr)
202403;KOTA ADM. JAKARTA SELATAN;31;11.910.967.741.935.400;Beras IR. I (IR 64) = 5% - 10%
202403;KOTA ADM. JAKARTA SELATAN;31;11.439.677.419.354.800;Beras IR. II (IR 64) Ramos = 10% - 15%
202403;KOTA ADM. JAKARTA SELATAN;31;7.927.419.354.838.700;Beras IR. III (IR 64) = 15% - 20%
202403;KOTA ADM. JAKARTA SELATAN;31;3580;Muncul I
202403;KOTA ADM. JAKARTA SELATAN;31;14.030.645.161.290.300;Beras IR 42 / Pera
202403;KOTA ADM. JAKARTA SELATAN;31;12.188.709.677.419.300;Setra I / Premium = < 5%
202403;KOTA ADM. JAKARTA SELATAN;31;12.432.258.064.516.100;Minyak Goreng (Kuning / Curah)
202403;KOTA ADM. JAKARTA SELATAN;31;6.912.258.064.516.120;Cabe Merah Keriting
202403;KOTA ADM. JAKARTA SELATAN;31;840.032.258.064.516;Cabe Merah Besar (TW)
202403;KOTA ADM. JAKARTA SELATAN;31;6.780.645.161.290.320;Cabe Rawit Merah
202403;KOTA ADM. JAKARTA SELATAN;31;52.619.354.838.709.600;Cabe Rawit Hijau
202403;KOTA ADM. JAKARTA SELATAN;31;37.029.032.258.064.500;Bawang Merah
202403;KOTA ADM. JAKARTA SELATAN;31;4.142.258.064.516.120;Bawang Putih
202403;KOTA ADM. JAKARTA SELATAN;31;1.347.741.935.483.870;Daging Sapi Has (Paha Belakang)
202403;KOTA ADM. JAKARTA SELATAN;31;13.085.483.870.967.700;Daging Sapi Murni (semur)
202403;KOTA ADM. JAKARTA SELATAN;31;4.046.774.193.548.380;Ayam Broiler (Ras)
202403;KOTA ADM. JAKARTA SELATAN;31;297.741.935.483.871;Telur Ayam Ras
202403;KOTA ADM. JAKARTA SELATAN;31;16.019.354.838.709.600;Gula Pasir
202403;KOTA ADM. JAKARTA SELATAN;31;10.517.741.935.483.800;Tepung Terigu
202403;KOTA ADM. JAKARTA SELATAN;31;35.612.903.225.806.400;Garam Dapur
202403;KOTA ADM. JAKARTA SELATAN;31;19.658.064.516.129.000;Kentang (sedang)
202403;KOTA ADM. JAKARTA SELATAN;31;2.475.483.870.967.740;Tomat Buah
202403;KOTA ADM. JAKARTA SELATAN;31;947.741.935.483.871;Kelapa Kupas
202403;KOTA ADM. JAKARTA SELATAN;31;9.138.709.677.419.350;Semangka
202403;KOTA ADM. JAKARTA SELATAN;31;2.292.258.064.516.120;Jeruk Medan
202403;KOTA ADM. JAKARTA SELATAN;31;11.308.064.516.129.000;Daging Kambing
202403;KOTA ADM. JAKARTA SELATAN;31;14000;Daging Babi Berlemak
202403;KOTA ADM. JAKARTA SELATAN;31;3.825.483.870.967.740;Bandeng (sedang)
202403;KOTA ADM. JAKARTA SELATAN;31;32.438.709.677.419.300;Mas
202403;KOTA ADM. JAKARTA SELATAN;31;24.751.612.903.225.800;Lele
202403;KOTA ADM. JAKARTA SELATAN;31;4000;Gas Elpiji (3 kg)
202403;KOTA ADM. JAKARTA SELATAN;31;N/A;Susu Bubuk Bendera (400 gr)
202403;KOTA ADM. JAKARTA SELATAN;31;17.438.709.677.419.300;Susu Bubuk Dancow (400 gr)
202403;KOTA ADM. JAKARTA SELATAN;31;12.295.161.290.322.500;Susu Kental Bendera ( 200 gr)
202403;KOTA ADM. JAKARTA SELATAN;31;11.206.451.612.903.200;Susu Kental Enak (200 gr)
202403;KOTA ADM. JAKARTA SELATAN;31;12.829.032.258.064.500;Margarine Blue Band Cup (250 gr)
202403;KOTA ADM. JAKARTA SELATAN;31;10.248.387.096.774.100;Margarine Blue Band Sachet (200 gr)
202403;KOTA ADM. JAKARTA TIMUR;31;8.403.225.806.451.610;Beras IR. I (IR 64) = 5% - 10%
202403;KOTA ADM. JAKARTA TIMUR;31;8.273.655.913.978.490;Beras IR. II (IR 64) Ramos = 10% - 15%
202403;KOTA ADM. JAKARTA TIMUR;31;7.976.881.720.430.100;Beras IR. III (IR 64) = 15% - 20%
202403;KOTA ADM. JAKARTA TIMUR;31;6.591.129.032.258.060;Muncul I
202403;KOTA ADM. JAKARTA TIMUR;31;8.873.118.279.569.890;Beras IR 42 / Pera
202403;KOTA ADM. JAKARTA TIMUR;31;9.014.247.311.827.950;Setra I / Premium = < 5%
202403;KOTA ADM. JAKARTA TIMUR;31;10.393.817.204.301.000;Minyak Goreng (Kuning / Curah)
202403;KOTA ADM. JAKARTA TIMUR;31;4.461.827.956.989.240;Cabe Merah Keriting
202403;KOTA ADM. JAKARTA TIMUR;31;6.145.161.290.322.580;Cabe Merah Besar (TW)
202403;KOTA ADM. JAKARTA TIMUR;31;4.448.118.279.569.890;Cabe Rawit Merah
202403;KOTA ADM. JAKARTA TIMUR;31;3.465.591.397.849.460;Cabe Rawit Hijau
202403;KOTA ADM. JAKARTA TIMUR;31;24.967.741.935.483.800;Bawang Merah
202403;KOTA ADM. JAKARTA TIMUR;31;27.938.172.043.010.700;Bawang Putih
202403;KOTA ADM. JAKARTA TIMUR;31;941.532.258.064.516;Daging Sapi Has (Paha Belakang)
202403;KOTA ADM. JAKARTA TIMUR;31;8.998.655.913.978.490;Daging Sapi Murni (semur)
202403;KOTA ADM. JAKARTA TIMUR;31;2.670.698.924.731.180;Ayam Broiler (Ras)
202403;KOTA ADM. JAKARTA TIMUR;31;20.073.924.731.182.700;Telur Ayam Ras
202403;KOTA ADM. JAKARTA TIMUR;31;10.794.354.838.709.600;Gula Pasir
202403;KOTA ADM. JAKARTA TIMUR;31;6.955.645.161.290.320;Tepung Terigu
202403;KOTA ADM. JAKARTA TIMUR;31;21.868.279.569.892.400;Garam Dapur
202403;KOTA ADM. JAKARTA TIMUR;31;1.245.967.741.935.480;Kentang (sedang)
202403;KOTA ADM. JAKARTA TIMUR;31;14.725.806.451.612.900;Tomat Buah
202403;KOTA ADM. JAKARTA TIMUR;31;64.354.838.709.677.400;Kelapa Kupas
202403;KOTA ADM. JAKARTA TIMUR;31;6.293.010.752.688.170;Semangka
202403;KOTA ADM. JAKARTA TIMUR;31;16.005.376.344.086.000;Jeruk Medan
202403;KOTA ADM. JAKARTA TIMUR;31;8.608.870.967.741.930;Daging Kambing
202403;KOTA ADM. JAKARTA TIMUR;31;4.424.731.182.795.690;Daging Babi Berlemak
202403;KOTA ADM. JAKARTA TIMUR;31;23.749.999.999.999.900;Bandeng (sedang)
202401;Jakarta Selatan;31;15818;Minyak Goreng (Kuning/Curah)
202401;Jakarta Selatan;31;75058;Cabe Merah Keriting
202401;Jakarta Selatan;31;81865;Cabe Merah Besar (TW)
202401;Jakarta Selatan;31;73087;Cabe Rawit Merah
202401;Jakarta Selatan;31;51386;Cabe Rawit Hijau
202401;Jakarta Selatan;31;38928;Bawang Merah
202401;Jakarta Selatan;31;41475;Bawang Putih
202401;Jakarta Selatan;31;139364;Daging Sapi Has (Paha Belakang)
202401;Jakarta Selatan;31;136970;Daging Sapi Murni (Semur)
202401;Jakarta Selatan;31;40881;Ayam Broiler/Ras
202401;Jakarta Selatan;31;27407;Telur Ayam Ras
202401;Jakarta Selatan;31;16505;Gula Pasir
202401;Jakarta Selatan;31;11035;Tepung Terigu
202401;Jakarta Selatan;31;3612;Garam Dapur
202401;Jakarta Selatan;31;19205;Kentang (sedang)
202401;Jakarta Selatan;31;23268;Tomat Buah
202401;Jakarta Selatan;31;9836;Kelapa Kupas
202401;Jakarta Selatan;31;11789;Semangka
202401;Jakarta Selatan;31;30677;Jeruk Medan
202401;Jakarta Selatan;31;150373;Daging Kambing
202401;Jakarta Selatan;31;140000;Daging Babi Berlemak
202401;Jakarta Selatan;31;41095;Ikan Bandeng (sedang)
202401;Jakarta Selatan;31;38543;Ikan Mas
202401;Jakarta Selatan;31;29021;Ikan Lele
202401;Jakarta Selatan;31;20000;Gas Elpiji 3kg
202401;Jakarta Selatan;31;0;Susu Bubuk Bendera 400gr
202401;Jakarta Selatan;31;45737;Susu Bubuk Dancow 400gr
202401;Jakarta Selatan;31;12777;Susu Kental Bendera 200gr
202401;Jakarta Selatan;31;11363;Susu Kental Enak 200gr
202401;Jakarta Selatan;31;16358;Margarin Blueband Cup
202401;Jakarta Selatan;31;10817;Margarin Blueband Sachet
202401;Jakarta Timur;31;13570;Beras IR I (IR 64)
202401;Jakarta Timur;31;13245;Beras IR II (IR 64) Ramos
202401;Jakarta Timur;31;13005;Beras IR III (IR 64)
202401;Jakarta Timur;31;13695;Beras Muncul I
202401;Jakarta Timur;31;14908;Beras IR 42/Pera
202401;Jakarta Timur;31;13949;Beras Setra I/Premium
202401;Jakarta Timur;31;15741;Minyak Goreng (Kuning/Curah)
202401;Jakarta Timur;31;70670;Cabe Merah Keriting
202401;Jakarta Timur;31;79469;Cabe Merah Besar (TW)
202401;Jakarta Timur;31;72112;Cabe Rawit Merah
202401;Jakarta Timur;31;45445;Cabe Rawit Hijau
202401;Jakarta Timur;31;37180;Bawang Merah
202401;Jakarta Timur;31;42098;Bawang Putih
202401;Jakarta Timur;31;144310;Daging Sapi Has (Paha Belakang)
202401;Jakarta Timur;31;137676;Daging Sapi Murni (Semur)
202401;Jakarta Timur;31;39084;Ayam Broiler/Ras
202401;Jakarta Timur;31;27003;Telur Ayam Ras
202401;Jakarta Timur;31;16388;Gula Pasir
202401;Jakarta Timur;31;10243;Tepung Terigu
202401;Jakarta Timur;31;3311;Garam Dapur
202401;Jakarta Timur;31;18024;Kentang (sedang)
202401;Jakarta Timur;31;20755;Tomat Buah
202401;Jakarta Timur;31;9616;Kelapa Kupas
202401;Jakarta Timur;31;10135;Semangka
202401;Jakarta Timur;31;26692;Jeruk Medan
202401;Jakarta Timur;31;146849;Daging Kambing
202401;Jakarta Timur;31;99443;Daging Babi Berlemak
202401;Jakarta Timur;31;41724;Ikan Bandeng (sedang)
202401;Jakarta Timur;31;37155;Ikan Mas
202401;Jakarta Timur;31;27469;Ikan Lele
202401;Jakarta Timur;31;20696;Gas Elpiji 3kg
202401;Jakarta Timur;31;45000;Susu Bubuk Bendera 400gr
202401;Jakarta Timur;31;45000;Susu Bubuk Dancow 400gr
202401;Jakarta Timur;31;11938;Susu Kental Bendera 200gr
202401;Jakarta Timur;31;10821;Susu Kental Enak 200gr
202401;Jakarta Timur;31;13466;Margarin Blueband Cup
202401;Jakarta Timur;31;9609;Margarin Blueband Sachet
202401;Jakarta Pusat;31;13721;Beras IR I (IR 64)
202401;Jakarta Pusat;31;13442;Beras IR II (IR 64) Ramos
202401;Jakarta Pusat;31;13155;Beras IR III (IR 64)
202401;Jakarta Pusat;31;14659;Beras Muncul I
202401;Jakarta Pusat;31;15033;Beras IR 42/Pera
202401;Jakarta Pusat;31;14925;Beras Setra I/Premium
202401;Jakarta Pusat;31;15889;Minyak Goreng (Kuning/Curah)
202401;Jakarta Pusat;31;72127;Cabe Merah Keriting
202401;Jakarta Pusat;31;79576;Cabe Merah Besar (TW)
202401;Jakarta Pusat;31;70631;Cabe Rawit Merah
202401;Jakarta Pusat;31;46328;Cabe Rawit Hijau
202401;Jakarta Pusat;31;40202;Bawang Merah
202401;Jakarta Pusat;31;41457;Bawang Putih
202401;Jakarta Pusat;31;143474;Daging Sapi Has (Paha Belakang)
202401;Jakarta Pusat;31;136281;Daging Sapi Murni (Semur)
202401;Jakarta Pusat;31;39533;Ayam Broiler/Ras
202401;Jakarta Pusat;31;27504;Telur Ayam Ras
202401;Jakarta Pusat;31;15963;Gula Pasir
202401;Jakarta Pusat;31;10446;Tepung Terigu
202401;Jakarta Pusat;31;3494;Garam Dapur
202401;Jakarta Pusat;31;19441;Kentang (sedang)
202401;Jakarta Pusat;31;25117;Tomat Buah
202401;Jakarta Pusat;31;9835;Kelapa Kupas
202401;Jakarta Pusat;31;12096;Semangka
202401;Jakarta Pusat;31;31710;Jeruk Medan
202401;Jakarta Pusat;31;144973;Daging Kambing
202401;Jakarta Pusat;31;121828;Daging Babi Berlemak
202401;Jakarta Pusat;31;41638;Ikan Bandeng (sedang)
202401;Jakarta Pusat;31;37902;Ikan Mas
202401;Jakarta Pusat;31;28353;Ikan Lele
202401;Jakarta Pusat;31;21252;Gas Elpiji 3kg
202401;Jakarta Pusat;31;45000;Susu Bubuk Bendera 400gr
202401;Jakarta Pusat;31;42821;Susu Bubuk Dancow 400gr
202401;Jakarta Pusat;31;11887;Susu Kental Bendera 200gr
202401;Jakarta Pusat;31;10407;Susu Kental Enak 200gr
202401;Jakarta Pusat;31;15515;Margarin Blueband Cup
202401;Jakarta Pusat;31;9799;Margarin Blueband Sachet
202401;Jakarta Utara;31;14179;Beras IR I (IR 64)
202401;Jakarta Utara;31;13403;Beras IR II (IR 64) Ramos
202401;Jakarta Utara;31;12684;Beras IR III (IR 64)
202401;Jakarta Utara;31;14872;Beras Muncul I
202401;Jakarta Utara;31;15734;Beras IR 42/Pera
202401;Jakarta Utara;31;14637;Beras Setra I/Premium
202401;Jakarta Utara;31;15327;Minyak Goreng (Kuning/Curah)
202405;Kota Adm. Jakarta Timur;31;52460;Cabe Merah Keriting
202405;Kota Adm. Jakarta Timur;31;73330;Cabe Merah Besar (TW)
202405;Kota Adm. Jakarta Timur;31;47356;Cabe Rawit Merah
202405;Kota Adm. Jakarta Timur;31;46766;Cabe Rawit Hijau
202405;Kota Adm. Jakarta Timur;31;57232;Bawang Merah
202405;Kota Adm. Jakarta Timur;31;46619;Bawang Putih
202405;Kota Adm. Jakarta Timur;31;145215;Daging Sapi Has (Paha Belakang)
202405;Kota Adm. Jakarta Timur;31;138307;Daging Sapi Murni (Semur)
202405;Kota Adm. Jakarta Timur;31;40899;Ayam Broiler/Ras
202405;Kota Adm. Jakarta Timur;31;29392;Telur Ayam Ras
202405;Kota Adm. Jakarta Timur;31;17121;Gula Pasir
202405;Kota Adm. Jakarta Timur;31;10959;Tepung Terigu
202405;Kota Adm. Jakarta Timur;31;3413;Garam Dapur
202405;Kota Adm. Jakarta Timur;31;18098;Kentang (sedang)
202405;Kota Adm. Jakarta Timur;31;20558;Tomat Buah
202405;Kota Adm. Jakarta Timur;31;10281;Kelapa Kupas
202405;Kota Adm. Jakarta Timur;31;10509;Semangka
202405;Kota Adm. Jakarta Timur;31;26056;Jeruk Medan
202405;Kota Adm. Jakarta Timur;31;146354;Daging Kambing
202405;Kota Adm. Jakarta Timur;31;101280;Daging Babi Berlemak
202405;Kota Adm. Jakarta Timur;31;42169;Ikan Bandeng (sedang)
202405;Kota Adm. Jakarta Timur;31;37947;Ikan Mas
202405;Kota Adm. Jakarta Timur;31;28119;Ikan Lele
202405;Kota Adm. Jakarta Timur;31;21003;Gas Elpiji 3kg
202405;Kota Adm. Jakarta Timur;31;45387;Susu Bubuk Bendera 400gr
202405;Kota Adm. Jakarta Timur;31;45064;Susu Bubuk Dancow 400gr
202405;Kota Adm. Jakarta Timur;31;12434;Susu Kental Bendera 200gr
202405;Kota Adm. Jakarta Timur;31;11389;Susu Kental Enak 200gr
202405;Kota Adm. Jakarta Timur;31;13220;Margarin Blueband Cup
202405;Kota Adm. Jakarta Timur;31;10654;Margarin Blueband Sachet
202406;Kota Adm. Jakarta Pusat;30;13956;Beras IR I (IR 64)
202406;Kota Adm. Jakarta Pusat;30;12942;Beras IR II (IR 64) Ramos
202406;Kota Adm. Jakarta Pusat;30;14525;Beras IR III (IR 64)
202406;Kota Adm. Jakarta Pusat;30;14433;Beras Muncul I
202406;Kota Adm. Jakarta Pusat;30;14789;Beras IR 42/Pera
202406;Kota Adm. Jakarta Pusat;30;16682;Beras Setra I/Premium
202406;Kota Adm. Jakarta Pusat;30;16820;Minyak Goreng (Kuning/Curah)
202406;Kota Adm. Jakarta Pusat;30;52384;Cabe Merah Keriting
202406;Kota Adm. Jakarta Pusat;30;61929;Cabe Merah Besar (TW)
202406;Kota Adm. Jakarta Pusat;30;47970;Cabe Rawit Merah
202406;Kota Adm. Jakarta Pusat;30;48198;Cabe Rawit Hijau
202406;Kota Adm. Jakarta Pusat;30;48907;Bawang Merah
202406;Kota Adm. Jakarta Pusat;30;43526;Bawang Putih
202406;Kota Adm. Jakarta Pusat;30;139519;Daging Sapi Has (Paha Belakang)
202406;Kota Adm. Jakarta Pusat;30;138293;Daging Sapi Murni (Semur)
202406;Kota Adm. Jakarta Pusat;30;41697;Ayam Broiler/Ras
202406;Kota Adm. Jakarta Pusat;30;29471;Telur Ayam Ras
202406;Kota Adm. Jakarta Pusat;30;17210;Gula Pasir
202406;Kota Adm. Jakarta Pusat;30;10418;Tepung Terigu
202406;Kota Adm. Jakarta Pusat;30;3242;Garam Dapur
202406;Kota Adm. Jakarta Pusat;30;20210;Kentang (sedang)
202406;Kota Adm. Jakarta Pusat;30;19232;Tomat Buah
202406;Kota Adm. Jakarta Pusat;30;9622;Kelapa Kupas
202406;Kota Adm. Jakarta Barat;30;14001;Beras IR II (IR 64) Ramos
202406;Kota Adm. Jakarta Barat;30;13023;Beras IR III (IR 64)
202406;Kota Adm. Jakarta Barat;30;16000;Beras Muncul I
202406;Kota Adm. Jakarta Barat;30;15561;Beras IR 42/Pera
202406;Kota Adm. Jakarta Barat;30;15022;Beras Setra I/Premium
202406;Kota Adm. Jakarta Barat;30;17256;Minyak Goreng (Kuning/Curah)
202406;Kota Adm. Jakarta Barat;30;51941;Cabe Merah Keriting
202406;Kota Adm. Jakarta Barat;30;62067;Cabe Merah Besar (TW)
202406;Kota Adm. Jakarta Barat;30;43751;Cabe Rawit Merah
202406;Kota Adm. Jakarta Barat;30;51119;Cabe Rawit Hijau
202406;Kota Adm. Jakarta Barat;30;46282;Bawang Merah
202406;Kota Adm. Jakarta Barat;30;44292;Bawang Putih
202406;Kota Adm. Jakarta Barat;30;144632;Daging Sapi Has (Paha Belakang)
202406;Kota Adm. Jakarta Barat;30;137669;Daging Sapi Murni (Semur)
202406;Kota Adm. Jakarta Barat;30;38019;Ayam Broiler/Ras
202406;Kota Adm. Jakarta Barat;30;29046;Telur Ayam Ras
202406;Kota Adm. Jakarta Barat;30;18985;Gula Pasir
202406;Kota Adm. Jakarta Barat;30;11732;Tepung Terigu
202406;Kota Adm. Jakarta Barat;30;4394;Garam Dapur
202406;Kota Adm. Jakarta Barat;30;21677;Kentang (sedang)
202406;Kota Adm. Jakarta Barat;30;17457;Tomat Buah
202406;Kota Adm. Jakarta Barat;30;9361;Kelapa Kupas
202406;Kota Adm. Jakarta Barat;30;11149;Semangka
202406;Kota Adm. Jakarta Barat;30;26724;Jeruk Medan
202406;Kota Adm. Jakarta Barat;30;150000;Daging Kambing
202406;Kota Adm. Jakarta Barat;30;112191;Daging Babi Berlemak
202406;Kota Adm. Jakarta Barat;30;42186;Ikan Bandeng (sedang)
202406;Kota Adm. Jakarta Barat;30;38958;Ikan Mas
202406;Kota Adm. Jakarta Barat;30;28967;Ikan Lele
202406;Kota Adm. Jakarta Barat;30;22261;Gas Elpiji 3kg
202406;Kota Adm. Jakarta Barat;30;28428;Susu Bubuk Bendera 400gr
202406;Kota Adm. Jakarta Barat;30;45000;Susu Bubuk Dancow 400gr
202406;Kota Adm. Jakarta Barat;30;13270;Susu Kental Bendera 200gr
202406;Kota Adm. Jakarta Barat;30;12197;Susu Kental Enak 200gr
202406;Kota Adm. Jakarta Barat;30;14944;Margarin Blueband Cup
202406;Kota Adm. Jakarta Barat;30;9639;Margarin Blueband Sachet
202406;Kota Adm. Jakarta Selatan;30;14357;Beras IR I (IR 64)
202406;Kota Adm. Jakarta Selatan;30;14081;Beras IR II (IR 64) Ramos
202406;Kota Adm. Jakarta Selatan;30;13147;Beras IR III (IR 64)
202406;Kota Adm. Jakarta Selatan;30;16081;Beras Muncul I
202406;Kota Adm. Jakarta Selatan;30;15126;Beras IR 42/Pera
202406;Kota Adm. Jakarta Selatan;30;14680;Beras Setra I/Premium
202406;Kota Adm. Jakarta Selatan;30;17076;Minyak Goreng (Kuning/Curah)
202406;Kota Adm. Jakarta Selatan;30;54357;Cabe Merah Keriting
202406;Kota Adm. Jakarta Selatan;30;69960;Cabe Merah Besar (TW)
202406;Kota Adm. Jakarta Selatan;30;45402;Cabe Rawit Merah
202406;Kota Adm. Jakarta Selatan;30;53359;Cabe Rawit Hijau
202406;Kota Adm. Jakarta Selatan;30;46955;Bawang Merah
202406;Kota Adm. Jakarta Selatan;30;47150;Bawang Putih
202406;Kota Adm. Jakarta Selatan;30;139143;Daging Sapi Has (Paha Belakang)
202406;Kota Adm. Jakarta Selatan;30;136662;Daging Sapi Murni (Semur)
202406;Kota Adm. Jakarta Selatan;30;42064;Ayam Broiler/Ras
202406;Kota Adm. Jakarta Pusat;30;12056;Semangka
202406;Kota Adm. Jakarta Pusat;30;32725;Jeruk Medan
202406;Kota Adm. Jakarta Pusat;30;141763;Daging Kambing
202406;Kota Adm. Jakarta Pusat;30;106222;Daging Babi Berlemak
202406;Kota Adm. Jakarta Pusat;30;43208;Ikan Bandeng (sedang)
202406;Kota Adm. Jakarta Pusat;30;39256;Ikan Mas
202406;Kota Adm. Jakarta Pusat;30;26259;Ikan Lele
202406;Kota Adm. Jakarta Pusat;30;20958;Gas Elpiji 3kg
202406;Kota Adm. Jakarta Pusat;30;45000;Susu Bubuk Bendera 400gr
202406;Kota Adm. Jakarta Pusat;30;42000;Susu Bubuk Dancow 400gr
202406;Kota Adm. Jakarta Pusat;30;12508;Susu Kental Bendera 200gr
202406;Kota Adm. Jakarta Pusat;30;10715;Susu Kental Enak 200gr
202406;Kota Adm. Jakarta Pusat;30;15200;Margarin Blueband Cup
202406;Kota Adm. Jakarta Pusat;30;10099;Margarin Blueband Sachet
202406;Kota Adm. Jakarta Utara;30;14660;Beras IR I (IR 64)
202406;Kota Adm. Jakarta Utara;30;15958;Beras IR II (IR 64) Ramos
202406;Kota Adm. Jakarta Utara;30;12972;Beras IR III (IR 64)
202406;Kota Adm. Jakarta Utara;30;15522;Beras Muncul I
202406;Kota Adm. Jakarta Utara;30;15231;Beras IR 42/Pera
202406;Kota Adm. Jakarta Utara;30;16162;Beras Setra I/Premium
202406;Kota Adm. Jakarta Utara;30;16706;Minyak Goreng (Kuning/Curah)
202406;Kota Adm. Jakarta Utara;30;59259;Cabe Merah Keriting
202406;Kota Adm. Jakarta Utara;30;68158;Cabe Merah Besar (TW)
202406;Kota Adm. Jakarta Utara;30;51826;Cabe Rawit Merah
202406;Kota Adm. Jakarta Utara;30;54180;Cabe Rawit Hijau
202406;Kota Adm. Jakarta Utara;30;54084;Bawang Merah
202406;Kota Adm. Jakarta Utara;30;46578;Bawang Putih
202406;Kota Adm. Jakarta Utara;30;146861;Daging Sapi Has (Paha Belakang)
202406;Kota Adm. Jakarta Utara;30;144308;Daging Sapi Murni (Semur)
202406;Kota Adm. Jakarta Utara;30;42475;Ayam Broiler/Ras
202406;Kota Adm. Jakarta Utara;30;30288;Telur Ayam Ras
202406;Kota Adm. Jakarta Utara;30;18075;Gula Pasir
202406;Kota Adm. Jakarta Utara;30;11606;Tepung Terigu
202406;Kota Adm. Jakarta Utara;30;3884;Garam Dapur
202406;Kota Adm. Jakarta Utara;30;22265;Kentang (sedang)
202406;Kota Adm. Jakarta Utara;30;20226;Tomat Buah
202406;Kota Adm. Jakarta Utara;30;10547;Kelapa Kupas
202406;Kota Adm. Jakarta Utara;30;12819;Semangka
202406;Kota Adm. Jakarta Utara;30;37016;Jeruk Medan
202406;Kota Adm. Jakarta Utara;30;141293;Daging Kambing
202406;Kota Adm. Jakarta Utara;30;105374;Daging Babi Berlemak
202406;Kota Adm. Jakarta Utara;30;43777;Ikan Bandeng (sedang)
202406;Kota Adm. Jakarta Utara;30;38938;Ikan Mas
202406;Kota Adm. Jakarta Utara;30;29861;Ikan Lele
202406;Kota Adm. Jakarta Utara;30;21190;Gas Elpiji 3kg
202406;Kota Adm. Jakarta Utara;30;46977;Susu Bubuk Bendera 400gr
202406;Kota Adm. Jakarta Utara;30;50132;Susu Bubuk Dancow 400gr
202406;Kota Adm. Jakarta Utara;30;15799;Susu Kental Bendera 200gr
202406;Kota Adm. Jakarta Utara;30;11927;Susu Kental Enak 200gr
202406;Kota Adm. Jakarta Utara;30;17641;Margarin Blueband Cup
202406;Kota Adm. Jakarta Utara;30;12356;Margarin Blueband Sachet
202406;Kota Adm. Jakarta Barat;30;14899;Beras IR I (IR 64)
202404;Kota Adm. Jakarta Selatan;30;20957;Kentang (sedang)
202404;Kota Adm. Jakarta Selatan;30;26946;Tomat Buah
202404;Kota Adm. Jakarta Selatan;30;10145;Kelapa Kupas
202404;Kota Adm. Jakarta Selatan;30;12239;Semangka
202404;Kota Adm. Jakarta Selatan;30;30838;Jeruk Medan
202404;Kota Adm. Jakarta Selatan;30;149935;Daging Kambing
202404;Kota Adm. Jakarta Selatan;30;138466;Daging Babi Berlemak
202404;Kota Adm. Jakarta Selatan;30;39977;Ikan Bandeng (sedang)
202404;Kota Adm. Jakarta Selatan;30;39402;Ikan Mas
202404;Kota Adm. Jakarta Selatan;30;29052;Ikan Lele
202404;Kota Adm. Jakarta Selatan;30;20640;Gas Elpiji 3kg
202404;Kota Adm. Jakarta Selatan;30;23500;Susu Bubuk Bendera 400gr
202404;Kota Adm. Jakarta Selatan;30;46868;Susu Bubuk Dancow 400gr
202404;Kota Adm. Jakarta Selatan;30;12665;Susu Kental Bendera 200gr
202404;Kota Adm. Jakarta Selatan;30;11723;Susu Kental Enak 200gr
202404;Kota Adm. Jakarta Selatan;30;16643;Margarin Blueband Cup
202404;Kota Adm. Jakarta Selatan;30;10799;Margarin Blueband Sachet
202404;Kota Adm. Jakarta Timur;30;14528;Beras IR. I (IR 64)
202404;Kota Adm. Jakarta Timur;30;14225;Beras IR. II (IR 64) Ramos
202404;Kota Adm. Jakarta Timur;30;13928;Beras IR. III (IR 64)
202404;Kota Adm. Jakarta Timur;30;15440;Beras Muncul .I
202404;Kota Adm. Jakarta Timur;30;15503;Beras IR 42/Pera
202404;Kota Adm. Jakarta Timur;30;15835;Beras Setra I/Premium
202404;Kota Adm. Jakarta Timur;30;16392;Minyak Goreng (Kuning/Curah)
202404;Kota Adm. Jakarta Timur;30;50172;Cabe Merah Keriting
202404;Kota Adm. Jakarta Timur;30;71719;Cabe Merah Besar (TW)
202404;Kota Adm. Jakarta Timur;30;51958;Cabe Rawit Merah
202404;Kota Adm. Jakarta Timur;30;47120;Cabe Rawit Hijau
202404;Kota Adm. Jakarta Timur;30;53714;Bawang Merah
202404;Kota Adm. Jakarta Timur;30;45117;Bawang Putih
202404;Kota Adm. Jakarta Timur;30;145546;Daging Sapi Has (Paha Belakang)
202404;Kota Adm. Jakarta Timur;30;139301;Daging Sapi Murni (Semur)
202404;Kota Adm. Jakarta Timur;30;40928;Ayam Broiler/Ras
202404;Kota Adm. Jakarta Timur;30;29474;Telur Ayam Ras
202404;Kota Adm. Jakarta Timur;30;16653;Gula Pasir
202404;Kota Adm. Jakarta Timur;30;10495;Tepung Terigu
202404;Kota Adm. Jakarta Timur;30;3350;Garam Dapur
202404;Kota Adm. Jakarta Timur;30;18658;Kentang (sedang)
202404;Kota Adm. Jakarta Timur;30;22653;Tomat Buah
202404;Kota Adm. Jakarta Timur;30;10060;Kelapa Kupas
202404;Kota Adm. Jakarta Timur;30;10412;Semangka
202404;Kota Adm. Jakarta Timur;30;27073;Jeruk Medan
202404;Kota Adm. Jakarta Timur;30;144914;Daging Kambing
202404;Kota Adm. Jakarta Timur;30;98471;Daging Babi Berlemak
202404;Kota Adm. Jakarta Timur;30;41938;Ikan Bandeng (sedang)
202404;Kota Adm. Jakarta Timur;30;37989;Ikan Mas
202404;Kota Adm. Jakarta Timur;30;27827;Ikan Lele
202404;Kota Adm. Jakarta Timur;30;20745;Gas Elpiji 3kg
202404;Kota Adm. Jakarta Timur;30;44693;Susu Bubuk Bendera 400gr
202404;Kota Adm. Jakarta Timur;30;45340;Susu Bubuk Dancow 400gr
202404;Kota Adm. Jakarta Timur;30;12280;Susu Kental Bendera 200gr
202404;Kota Adm. Jakarta Timur;30;11177;Susu Kental Enak 200gr
202404;Kota Adm. Jakarta Timur;30;13299;Margarin Blueband Cup
202404;Kota Adm. Jakarta Timur;30;10239;Margarin Blueband Sachet
202405;Kota Adm. Jakarta Pusat;31;14849;Beras IR I (IR 64)
202405;Kota Adm. Jakarta Pusat;31;14279;Beras IR II (IR 64) Ramos
202405;Kota Adm. Jakarta Pusat;31;13693;Beras IR III (IR 64)
202405;Kota Adm. Jakarta Pusat;31;14185;Beras Muncul I
202405;Kota Adm. Jakarta Pusat;31;14943;Beras IR 42/Pera
202405;Kota Adm. Jakarta Pusat;31;14413;Beras Setra I/Premium
202405;Kota Adm. Jakarta Pusat;31;17403;Minyak Goreng (Kuning/Curah)
202405;Kota Adm. Jakarta Pusat;31;54223;Cabe Merah Keriting
202405;Kota Adm. Jakarta Pusat;31;72282;Cabe Merah Besar (TW)
202405;Kota Adm. Jakarta Pusat;31;45766;Cabe Rawit Merah
202405;Kota Adm. Jakarta Pusat;31;54203;Cabe Rawit Hijau
202405;Kota Adm. Jakarta Pusat;31;59819;Bawang Merah
202405;Kota Adm. Jakarta Pusat;31;48067;Bawang Putih
202405;Kota Adm. Jakarta Pusat;31;144274;Daging Sapi Has (Paha Belakang)
202405;Kota Adm. Jakarta Pusat;31;138048;Daging Sapi Murni (Semur)
202405;Kota Adm. Jakarta Pusat;31;41349;Ayam Broiler/Ras
202405;Kota Adm. Jakarta Pusat;31;29675;Telur Ayam Ras
202405;Kota Adm. Jakarta Pusat;31;15868;Gula Pasir
202405;Kota Adm. Jakarta Pusat;31;11429;Tepung Terigu
202405;Kota Adm. Jakarta Pusat;31;3733;Garam Dapur
202405;Kota Adm. Jakarta Pusat;31;19757;Kentang (sedang)
202405;Kota Adm. Jakarta Pusat;31;25807;Tomat Buah
202405;Kota Adm. Jakarta Pusat;31;10519;Kelapa Kupas
202405;Kota Adm. Jakarta Pusat;31;11389;Semangka
202405;Kota Adm. Jakarta Pusat;31;31000;Jeruk Medan
202405;Kota Adm. Jakarta Pusat;31;142957;Daging Kambing
202405;Kota Adm. Jakarta Pusat;31;121236;Daging Babi Berlemak
202405;Kota Adm. Jakarta Pusat;31;46572;Ikan Bandeng (sedang)
202405;Kota Adm. Jakarta Pusat;31;37618;Ikan Mas
202405;Kota Adm. Jakarta Pusat;31;27102;Ikan Lele
202405;Kota Adm. Jakarta Pusat;31;22185;Gas Elpiji 3kg
202405;Kota Adm. Jakarta Pusat;31;43080;Susu Bubuk Bendera 400gr
202405;Kota Adm. Jakarta Pusat;31;40880;Susu Bubuk Dancow 400gr
202405;Kota Adm. Jakarta Pusat;31;12519;Susu Kental Bendera 200gr
202405;Kota Adm. Jakarta Pusat;31;10395;Susu Kental Enak 200gr
202405;Kota Adm. Jakarta Pusat;31;15161;Margarin Blueband Cup
202405;Kota Adm. Jakarta Pusat;31;10328;Margarin Blueband Sachet
202405;Kota Adm. Jakarta Utara;31;15712;Beras IR I (IR 64)
202405;Kota Adm. Jakarta Utara;31;15030;Beras IR II (IR 64) Ramos
202405;Kota Adm. Jakarta Utara;31;14147;Beras IR III (IR 64)
202405;Kota Adm. Jakarta Utara;31;16181;Beras Muncul I
202405;Kota Adm. Jakarta Utara;31;17835;Beras IR 42/Pera
202405;Kota Adm. Jakarta Utara;31;16562;Beras Setra I/Premium
202405;Kota Adm. Jakarta Utara;31;18227;Minyak Goreng (Kuning/Curah)
202405;Kota Adm. Jakarta Utara;31;58345;Cabe Merah Keriting
202405;Kota Adm. Jakarta Utara;31;71521;Cabe Merah Besar (TW)
202405;Kota Adm. Jakarta Utara;31;54357;Cabe Rawit Merah
202405;Kota Adm. Jakarta Utara;31;51881;Cabe Rawit Hijau
202405;Kota Adm. Jakarta Utara;31;61226;Bawang Merah
202405;Kota Adm. Jakarta Utara;31;47968;Bawang Putih
202405;Kota Adm. Jakarta Utara;31;150889;Daging Sapi Has (Paha Belakang)
202405;Kota Adm. Jakarta Utara;31;145138;Daging Sapi Murni (Semur)
202405;Kota Adm. Jakarta Utara;31;44567;Ayam Broiler/Ras
202405;Kota Adm. Jakarta Utara;31;31892;Telur Ayam Ras
202405;Kota Adm. Jakarta Utara;31;19260;Gula Pasir
202405;Kota Adm. Jakarta Utara;31;11816;Tepung Terigu
202405;Kota Adm. Jakarta Utara;31;3578;Garam Dapur
202405;Kota Adm. Jakarta Utara;31;22214;Kentang (sedang)
202405;Kota Adm. Jakarta Utara;31;23969;Tomat Buah
202405;Kota Adm. Jakarta Utara;31;10478;Kelapa Kupas
202405;Kota Adm. Jakarta Utara;31;13027;Semangka
202405;Kota Adm. Jakarta Utara;31;37013;Jeruk Medan
202405;Kota Adm. Jakarta Utara;31;132678;Daging Kambing
202405;Kota Adm. Jakarta Utara;31;114314;Daging Babi Berlemak
202405;Kota Adm. Jakarta Utara;31;41856;Ikan Bandeng (sedang)
202405;Kota Adm. Jakarta Utara;31;37352;Ikan Mas
202405;Kota Adm. Jakarta Utara;31;28793;Ikan Lele
202405;Kota Adm. Jakarta Utara;31;20500;Gas Elpiji 3kg
202405;Kota Adm. Jakarta Utara;31;47500;Susu Bubuk Bendera 400gr
202405;Kota Adm. Jakarta Utara;31;50033;Susu Bubuk Dancow 400gr
202405;Kota Adm. Jakarta Utara;31;15123;Susu Kental Bendera 200gr
202405;Kota Adm. Jakarta Utara;31;11079;Susu Kental Enak 200gr
202405;Kota Adm. Jakarta Utara;31;18350;Margarin Blueband Cup
202405;Kota Adm. Jakarta Utara;31;12591;Margarin Blueband Sachet
202405;Kota Adm. Jakarta Barat;31;14778;Beras IR I (IR 64)
202405;Kota Adm. Jakarta Barat;31;13900;Beras IR II (IR 64) Ramos
202405;Kota Adm. Jakarta Barat;31;12942;Beras IR III (IR 64)
202405;Kota Adm. Jakarta Barat;31;16000;Beras Muncul I
202405;Kota Adm. Jakarta Barat;31;15601;Beras IR 42/Pera
202405;Kota Adm. Jakarta Barat;31;14876;Beras Setra I/Premium
202405;Kota Adm. Jakarta Barat;31;17411;Minyak Goreng (Kuning/Curah)
202405;Kota Adm. Jakarta Barat;31;50658;Cabe Merah Keriting
202405;Kota Adm. Jakarta Barat;31;67240;Cabe Merah Besar (TW)
202405;Kota Adm. Jakarta Barat;31;41641;Cabe Rawit Merah
202405;Kota Adm. Jakarta Barat;31;45565;Cabe Rawit Hijau
202405;Kota Adm. Jakarta Barat;31;57680;Bawang Merah
202405;Kota Adm. Jakarta Barat;31;47058;Bawang Putih
202405;Kota Adm. Jakarta Barat;31;144255;Daging Sapi Has (Paha Belakang)
202405;Kota Adm. Jakarta Barat;31;137618;Daging Sapi Murni (Semur)
202405;Kota Adm. Jakarta Barat;31;41147;Ayam Broiler/Ras
202405;Kota Adm. Jakarta Barat;31;30598;Telur Ayam Ras
202405;Kota Adm. Jakarta Barat;31;19308;Gula Pasir
202405;Kota Adm. Jakarta Barat;31;11724;Tepung Terigu
202405;Kota Adm. Jakarta Barat;31;4153;Garam Dapur
202405;Kota Adm. Jakarta Barat;31;19135;Kentang (sedang)
202405;Kota Adm. Jakarta Barat;31;23799;Tomat Buah
202405;Kota Adm. Jakarta Barat;31;8997;Kelapa Kupas
202405;Kota Adm. Jakarta Barat;31;10806;Semangka
202405;Kota Adm. Jakarta Barat;31;26564;Jeruk Medan
202405;Kota Adm. Jakarta Barat;31;150000;Daging Kambing
202405;Kota Adm. Jakarta Barat;31;112962;Daging Babi Berlemak
202405;Kota Adm. Jakarta Barat;31;41479;Ikan Bandeng (sedang)
202405;Kota Adm. Jakarta Barat;31;38775;Ikan Mas
202405;Kota Adm. Jakarta Selatan;31;11617;Susu Kental Enak 200gr
202405;Kota Adm. Jakarta Selatan;31;16901;Margarin Blueband Cup
202405;Kota Adm. Jakarta Selatan;31;10993;Margarin Blueband Sachet
202405;Kota Adm. Jakarta Timur;31;14112;Beras IR I (IR 64)
202405;Kota Adm. Jakarta Timur;31;13634;Beras IR II (IR 64) Ramos
202405;Kota Adm. Jakarta Timur;31;13060;Beras IR III (IR 64)
202405;Kota Adm. Jakarta Timur;31;14774;Beras Muncul I
202405;Kota Adm. Jakarta Timur;31;14831;Beras IR 42/Pera
202405;Kota Adm. Jakarta Timur;31;15548;Beras Setra I/Premium
202405;Kota Adm. Jakarta Timur;31;16672;Minyak Goreng (Kuning/Curah)
202405;Kota Adm. Jakarta Barat;31;29112;Ikan Lele
202405;Kota Adm. Jakarta Barat;31;22424;Gas Elpiji 3kg
202405;Kota Adm. Jakarta Barat;31;29050;Susu Bubuk Bendera 400gr
202405;Kota Adm. Jakarta Barat;31;44407;Susu Bubuk Dancow 400gr
202405;Kota Adm. Jakarta Barat;31;13432;Susu Kental Bendera 200gr
202405;Kota Adm. Jakarta Barat;31;12251;Susu Kental Enak 200gr
202405;Kota Adm. Jakarta Barat;31;14118;Margarin Blueband Cup
202405;Kota Adm. Jakarta Barat;31;10146;Margarin Blueband Sachet
202405;Kota Adm. Jakarta Selatan;31;14620;Beras IR I (IR 64)
202405;Kota Adm. Jakarta Selatan;31;14042;Beras IR II (IR 64) Ramos
202405;Kota Adm. Jakarta Selatan;31;13439;Beras IR III (IR 64)
202405;Kota Adm. Jakarta Selatan;31;15643;Beras Muncul I
202405;Kota Adm. Jakarta Selatan;31;15199;Beras IR 42/Pera
202405;Kota Adm. Jakarta Selatan;31;14988;Beras Setra I/Premium
202405;Kota Adm. Jakarta Selatan;31;16860;Minyak Goreng (Kuning/Curah)
202405;Kota Adm. Jakarta Selatan;31;56669;Cabe Merah Keriting
202405;Kota Adm. Jakarta Selatan;31;73165;Cabe Merah Besar (TW)
202405;Kota Adm. Jakarta Selatan;31;49631;Cabe Rawit Merah
202405;Kota Adm. Jakarta Selatan;31;49806;Cabe Rawit Hijau
202405;Kota Adm. Jakarta Selatan;31;57840;Bawang Merah
202405;Kota Adm. Jakarta Selatan;31;50338;Bawang Putih
202405;Kota Adm. Jakarta Selatan;31;140658;Daging Sapi Has (Paha Belakang)
202405;Kota Adm. Jakarta Selatan;31;137673;Daging Sapi Murni (Semur)
202405;Kota Adm. Jakarta Selatan;31;42500;Ayam Broiler/Ras
202405;Kota Adm. Jakarta Selatan;31;29784;Telur Ayam Ras
202405;Kota Adm. Jakarta Selatan;31;17369;Gula Pasir
202405;Kota Adm. Jakarta Selatan;31;11380;Tepung Terigu
202405;Kota Adm. Jakarta Selatan;31;3679;Garam Dapur
202405;Kota Adm. Jakarta Selatan;31;20671;Kentang (sedang)
202405;Kota Adm. Jakarta Selatan;31;25636;Tomat Buah
202405;Kota Adm. Jakarta Selatan;31;10416;Kelapa Kupas
202405;Kota Adm. Jakarta Selatan;31;12617;Semangka
202405;Kota Adm. Jakarta Selatan;31;30981;Jeruk Medan
202405;Kota Adm. Jakarta Selatan;31;146587;Daging Kambing
202405;Kota Adm. Jakarta Selatan;31;140000;Daging Babi Berlemak
202405;Kota Adm. Jakarta Selatan;31;40840;Ikan Bandeng (sedang)
202405;Kota Adm. Jakarta Selatan;31;40053;Ikan Mas
202405;Kota Adm. Jakarta Selatan;31;29279;Ikan Lele
202405;Kota Adm. Jakarta Selatan;31;21440;Gas Elpiji 3kg
202405;Kota Adm. Jakarta Selatan;31;N/A;Susu Bubuk Bendera 400gr
202405;Kota Adm. Jakarta Selatan;31;47400;Susu Bubuk Dancow 400gr
202405;Kota Adm. Jakarta Selatan;31;12980;Susu Kental Bendera 200gr
202406;Kota Adm. Jakarta Selatan;30;29168;Telur Ayam Ras
202406;Kota Adm. Jakarta Selatan;30;18275;Gula Pasir
202406;Kota Adm. Jakarta Selatan;30;11088;Tepung Terigu
202406;Kota Adm. Jakarta Selatan;30;4001;Garam Dapur
202406;Kota Adm. Jakarta Selatan;30;22224;Kentang (sedang)
202406;Kota Adm. Jakarta Selatan;30;19689;Tomat Buah
202406;Kota Adm. Jakarta Selatan;30;10243;Kelapa Kupas
202406;Kota Adm. Jakarta Selatan;30;12562;Semangka
202406;Kota Adm. Jakarta Selatan;30;32972;Jeruk Medan
202406;Kota Adm. Jakarta Selatan;30;149282;Daging Kambing
202406;Kota Adm. Jakarta Selatan;30;136250;Daging Babi Berlemak
202406;Kota Adm. Jakarta Selatan;30;39302;Ikan Bandeng (sedang)
202406;Kota Adm. Jakarta Selatan;30;38880;Ikan Mas
202406;Kota Adm. Jakarta Selatan;30;28325;Ikan Lele
202406;Kota Adm. Jakarta Selatan;30;21366;Gas Elpiji 3kg
202406;Kota Adm. Jakarta Selatan;30;0;Susu Bubuk Bendera 400gr
202406;Kota Adm. Jakarta Selatan;30;42908;Susu Bubuk Dancow 400gr
202406;Kota Adm. Jakarta Selatan;30;13597;Susu Kental Bendera 200gr
202406;Kota Adm. Jakarta Selatan;30;11563;Susu Kental Enak 200gr
202406;Kota Adm. Jakarta Selatan;30;16851;Margarin Blueband Cup
202406;Kota Adm. Jakarta Selatan;30;10865;Margarin Blueband Sachet
202406;Kota Adm. Jakarta Timur;30;14273;Beras IR I (IR 64)
202406;Kota Adm. Jakarta Timur;30;13609;Beras IR II (IR 64) Ramos
202406;Kota Adm. Jakarta Timur;30;12566;Beras IR III (IR 64)
202406;Kota Adm. Jakarta Timur;30;14404;Beras Muncul I
202406;Kota Adm. Jakarta Timur;30;14593;Beras IR 42/Pera
202406;Kota Adm. Jakarta Timur;30;15485;Beras Setra I/Premium
202406;Kota Adm. Jakarta Timur;30;17073;Minyak Goreng (Kuning/Curah)
202406;Kota Adm. Jakarta Timur;30;55938;Cabe Merah Keriting
202406;Kota Adm. Jakarta Timur;30;70885;Cabe Merah Besar (TW)
202406;Kota Adm. Jakarta Timur;30;46325;Cabe Rawit Merah
202406;Kota Adm. Jakarta Timur;30;49027;Cabe Rawit Hijau
202406;Kota Adm. Jakarta Timur;30;46066;Bawang Merah
202406;Kota Adm. Jakarta Timur;30;47130;Bawang Putih
202406;Kota Adm. Jakarta Timur;30;143076;Daging Sapi Has (Paha Belakang)
202406;Kota Adm. Jakarta Timur;30;136812;Daging Sapi Murni (Semur)
202406;Kota Adm. Jakarta Timur;30;41874;Ayam Broiler/Ras
202406;Kota Adm. Jakarta Timur;30;28562;Telur Ayam Ras
202406;Kota Adm. Jakarta Timur;30;17606;Gula Pasir
202406;Kota Adm. Jakarta Timur;30;10143;Tepung Terigu
202406;Kota Adm. Jakarta Timur;30;3219;Garam Dapur
202406;Kota Adm. Jakarta Timur;30;20561;Kentang (sedang)
202406;Kota Adm. Jakarta Timur;30;16514;Tomat Buah
202406;Kota Adm. Jakarta Timur;30;9874;Kelapa Kupas
202406;Kota Adm. Jakarta Timur;30;11281;Semangka
202406;Kota Adm. Jakarta Timur;30;27492;Jeruk Medan
202406;Kota Adm. Jakarta Timur;30;148458;Daging Kambing
202406;Kota Adm. Jakarta Timur;30;93084;Daging Babi Berlemak
202406;Kota Adm. Jakarta Timur;30;42082;Ikan Bandeng (sedang)
202406;Kota Adm. Jakarta Timur;30;38034;Ikan Mas
202406;Kota Adm. Jakarta Timur;30;28116;Ikan Lele
202406;Kota Adm. Jakarta Timur;30;21340;Gas Elpiji 3kg
202406;Kota Adm. Jakarta Timur;30;44687;Susu Bubuk Bendera 400gr
202406;Kota Adm. Jakarta Timur;30;44636;Susu Bubuk Dancow 400gr
202406;Kota Adm. Jakarta Timur;30;12267;Susu Kental Bendera 200gr
202406;Kota Adm. Jakarta Timur;30;11418;Susu Kental Enak 200gr
202406;Kota Adm. Jakarta Timur;30;13973;Margarin Blueband Cup
202406;Kota Adm. Jakarta Timur;30;10150;Margarin Blueband Sachet
202407;Kota Adm. Jakarta Pusat;31;14234;Beras IR I (IR 64)
202407;Kota Adm. Jakarta Pusat;31;13003;Beras IR II (IR 64) Ramos
202407;Kota Adm. Jakarta Pusat;31;12795;Beras IR III (IR 64)
202407;Kota Adm. Jakarta Pusat;31;14516;Beras Muncul I
202407;Kota Adm. Jakarta Pusat;31;15415;Beras IR 42/Pera
202407;Kota Adm. Jakarta Pusat;31;15553;Beras Setra I/Premium
202407;Kota Adm. Jakarta Pusat;31;17075;Minyak Goreng (Kuning/Curah)
202407;Kota Adm. Jakarta Pusat;31;48901;Cabe Merah Keriting
202407;Kota Adm. Jakarta Pusat;31;55036;Cabe Merah Besar (TW)
202407;Kota Adm. Jakarta Pusat;31;65711;Cabe Rawit Merah
202407;Kota Adm. Jakarta Pusat;31;57397;Cabe Rawit Hijau
202407;Kota Adm. Jakarta Pusat;31;39431;Bawang Merah
202407;Kota Adm. Jakarta Pusat;31;43505;Bawang Putih
202407;Kota Adm. Jakarta Pusat;31;140449;Daging Sapi Has (Paha Belakang)
202407;Kota Adm. Jakarta Pusat;31;136674;Daging Sapi Murni (Semur)
202407;Kota Adm. Jakarta Pusat;31;40997;Ayam Broiler/Ras
202407;Kota Adm. Jakarta Pusat;31;28231;Telur Ayam Ras
202407;Kota Adm. Jakarta Pusat;31;17131;Gula Pasir
202407;Kota Adm. Jakarta Pusat;31;10208;Tepung Terigu
202407;Kota Adm. Jakarta Pusat;31;3036;Garam Dapur
202407;Kota Adm. Jakarta Pusat;31;21101;Kentang (sedang)
202407;Kota Adm. Jakarta Pusat;31;13747;Tomat Buah
202407;Kota Adm. Jakarta Pusat;31;9304;Kelapa Kupas
202407;Kota Adm. Jakarta Pusat;31;12199;Semangka
202407;Kota Adm. Jakarta Pusat;31;32533;Jeruk Medan
202407;Kota Adm. Jakarta Pusat;31;142311;Daging Kambing
202407;Kota Adm. Jakarta Pusat;31;105161;Daging Babi Berlemak
202407;Kota Adm. Jakarta Pusat;31;40994;Ikan Bandeng (sedang)
202407;Kota Adm. Jakarta Pusat;31;39583;Ikan Mas
202407;Kota Adm. Jakarta Pusat;31;26741;Ikan Lele
202407;Kota Adm. Jakarta Pusat;31;20870;Gas Elpiji 3kg
202407;Kota Adm. Jakarta Pusat;31;45000;Susu Bubuk Bendera 400gr
202407;Kota Adm. Jakarta Pusat;31;42000;Susu Bubuk Dancow 400gr
202407;Kota Adm. Jakarta Pusat;31;12664;Susu Kental Bendera 200gr
202407;Kota Adm. Jakarta Pusat;31;11064;Susu Kental Enak 200gr
202407;Kota Adm. Jakarta Pusat;31;15103;Margarin Blueband Cup
202407;Kota Adm. Jakarta Pusat;31;10329;Margarin Blueband Sachet
202407;Kota Adm. Jakarta Utara;31;14962;Beras IR I (IR 64)
202407;Kota Adm. Jakarta Utara;31;14388;Beras IR II (IR 64) Ramos
202407;Kota Adm. Jakarta Utara;31;13569;Beras IR III (IR 64)
202407;Kota Adm. Jakarta Utara;31;15477;Beras Muncul I
202407;Kota Adm. Jakarta Utara;31;15505;Beras IR 42/Pera
202407;Kota Adm. Jakarta Utara;31;16259;Beras Setra I/Premium
202407;Kota Adm. Jakarta Utara;31;16905;Minyak Goreng (Kuning/Curah)
202407;Kota Adm. Jakarta Utara;31;56239;Cabe Merah Keriting
202407;Kota Adm. Jakarta Utara;31;63010;Cabe Merah Besar (TW)
202407;Kota Adm. Jakarta Utara;31;67069;Cabe Rawit Merah
202407;Kota Adm. Jakarta Utara;31;61330;Cabe Rawit Hijau
202407;Kota Adm. Jakarta Utara;31;41181;Bawang Merah
202407;Kota Adm. Jakarta Utara;31;43655;Bawang Putih
202407;Kota Adm. Jakarta Utara;31;146908;Daging Sapi Has (Paha Belakang)
202407;Kota Adm. Jakarta Utara;31;143971;Daging Sapi Murni (Semur)
202407;Kota Adm. Jakarta Utara;31;42674;Ayam Broiler/Ras
202407;Kota Adm. Jakarta Utara;31;28861;Telur Ayam Ras
202407;Kota Adm. Jakarta Utara;31;17495;Gula Pasir
202407;Kota Adm. Jakarta Utara;31;11551;Tepung Terigu
202407;Kota Adm. Jakarta Utara;31;5199;Garam Dapur
202407;Kota Adm. Jakarta Utara;31;23470;Kentang (sedang)
202407;Kota Adm. Jakarta Utara;31;14965;Tomat Buah
202407;Kota Adm. Jakarta Utara;31;10599;Kelapa Kupas
202407;Kota Adm. Jakarta Utara;31;12454;Semangka
202407;Kota Adm. Jakarta Utara;31;34701;Jeruk Medan
202407;Kota Adm. Jakarta Utara;31;141532;Daging Kambing
202407;Kota Adm. Jakarta Utara;31;105295;Daging Babi Berlemak
202407;Kota Adm. Jakarta Utara;31;42748;Ikan Bandeng (sedang)
202407;Kota Adm. Jakarta Utara;31;37339;Ikan Mas
202407;Kota Adm. Jakarta Utara;31;29822;Ikan Lele
202407;Kota Adm. Jakarta Utara;31;21467;Gas Elpiji 3kg
202407;Kota Adm. Jakarta Utara;31;45306;Susu Bubuk Bendera 400gr
202407;Kota Adm. Jakarta Utara;31;53484;Susu Bubuk Dancow 400gr
202407;Kota Adm. Jakarta Utara;31;14184;Susu Kental Bendera 200gr
202407;Kota Adm. Jakarta Utara;31;11307;Susu Kental Enak 200gr
202407;Kota Adm. Jakarta Utara;31;17877;Margarin Blueband Cup
202407;Kota Adm. Jakarta Utara;31;11392;Margarin Blueband Sachet
202407;Kota Adm. Jakarta Barat;31;15266;Beras IR I (IR 64)
202407;Kota Adm. Jakarta Barat;31;14217;Beras IR II (IR 64) Ramos
202407;Kota Adm. Jakarta Barat;31;13236;Beras IR III (IR 64)
202407;Kota Adm. Jakarta Barat;31;15655;Beras Muncul I
202407;Kota Adm. Jakarta Barat;31;15544;Beras IR 42/Pera
202407;Kota Adm. Jakarta Barat;31;16176;Beras Setra I/Premium
202407;Kota Adm. Jakarta Barat;31;17487;Minyak Goreng (Kuning/Curah)
202407;Kota Adm. Jakarta Barat;31;45513;Cabe Merah Keriting
202407;Kota Adm. Jakarta Barat;31;51936;Cabe Merah Besar (TW)
202407;Kota Adm. Jakarta Barat;31;67359;Cabe Rawit Merah
202407;Kota Adm. Jakarta Barat;31;64536;Cabe Rawit Hijau
202407;Kota Adm. Jakarta Barat;31;36139;Bawang Merah
202407;Kota Adm. Jakarta Barat;31;41691;Bawang Putih
202407;Kota Adm. Jakarta Barat;31;146099;Daging Sapi Has (Paha Belakang)
202407;Kota Adm. Jakarta Barat;31;138513;Daging Sapi Murni (Semur)
202407;Kota Adm. Jakarta Barat;31;37916;Ayam Broiler/Ras
202407;Kota Adm. Jakarta Barat;31;29488;Telur Ayam Ras
202407;Kota Adm. Jakarta Barat;31;18661;Gula Pasir
202407;Kota Adm. Jakarta Barat;31;11363;Tepung Terigu
202407;Kota Adm. Jakarta Barat;31;4488;Garam Dapur
202407;Kota Adm. Jakarta Barat;31;22765;Kentang (sedang)
202407;Kota Adm. Jakarta Barat;31;11910;Tomat Buah
202407;Kota Adm. Jakarta Barat;31;8822;Kelapa Kupas
202407;Kota Adm. Jakarta Barat;31;11161;Semangka
202407;Kota Adm. Jakarta Barat;31;27134;Jeruk Medan
202407;Kota Adm. Jakarta Barat;31;150000;Daging Kambing
202407;Kota Adm. Jakarta Barat;31;114118;Daging Babi Berlemak
202407;Kota Adm. Jakarta Barat;31;42795;Ikan Bandeng (sedang)
202407;Kota Adm. Jakarta Barat;31;39059;Ikan Mas
202407;Kota Adm. Jakarta Barat;31;29267;Ikan Lele
202407;Kota Adm. Jakarta Barat;31;24129;Gas Elpiji 3kg
202407;Kota Adm. Jakarta Barat;31;31903;Susu Bubuk Bendera 400gr
202407;Kota Adm. Jakarta Barat;31;45000;Susu Bubuk Dancow 400gr
202407;Kota Adm. Jakarta Barat;31;13254;Susu Kental Bendera 200gr
202407;Kota Adm. Jakarta Barat;31;12172;Susu Kental Enak 200gr
202407;Kota Adm. Jakarta Barat;31;15631;Margarin Blueband Cup
202407;Kota Adm. Jakarta Barat;31;9775;Margarin Blueband Sachet
202407;Kota Adm. Jakarta Selatan;31;14174;Beras IR I (IR 64)
202407;Kota Adm. Jakarta Selatan;31;14284;Beras IR II (IR 64) Ramos
202407;Kota Adm. Jakarta Selatan;31;13246;Beras IR III (IR 64)
202407;Kota Adm. Jakarta Selatan;31;18585;Beras Muncul I
202407;Kota Adm. Jakarta Selatan;31;15385;Beras IR 42/Pera
202407;Kota Adm. Jakarta Selatan;31;14503;Beras Setra I/Premium
202407;Kota Adm. Jakarta Selatan;31;17131;Minyak Goreng (Kuning/Curah)
202407;Kota Adm. Jakarta Selatan;31;48214;Cabe Merah Keriting
202407;Kota Adm. Jakarta Selatan;31;61325;Cabe Merah Besar (TW)
202407;Kota Adm. Jakarta Selatan;31;67665;Cabe Rawit Merah
202407;Kota Adm. Jakarta Selatan;31;62358;Cabe Rawit Hijau
202407;Kota Adm. Jakarta Selatan;31;35282;Bawang Merah
202407;Kota Adm. Jakarta Selatan;31;43953;Bawang Putih
202407;Kota Adm. Jakarta Selatan;31;138395;Daging Sapi Has (Paha Belakang)
202407;Kota Adm. Jakarta Selatan;31;136334;Daging Sapi Murni (Semur)
202407;Kota Adm. Jakarta Selatan;31;41203;Ayam Broiler/Ras
202407;Kota Adm. Jakarta Selatan;31;28759;Telur Ayam Ras
202407;Kota Adm. Jakarta Selatan;31;18063;Gula Pasir
202407;Kota Adm. Jakarta Selatan;31;10447;Tepung Terigu
202407;Kota Adm. Jakarta Selatan;31;4350;Garam Dapur
202407;Kota Adm. Jakarta Selatan;31;23505;Kentang (sedang)
202407;Kota Adm. Jakarta Selatan;31;13252;Tomat Buah
202407;Kota Adm. Jakarta Selatan;31;9819;Kelapa Kupas
202407;Kota Adm. Jakarta Selatan;31;12335;Semangka
202407;Kota Adm. Jakarta Selatan;31;32853;Jeruk Medan
202407;Kota Adm. Jakarta Selatan;31;148773;Daging Kambing
202407;Kota Adm. Jakarta Selatan;31;135806;Daging Babi Berlemak
202407;Kota Adm. Jakarta Selatan;31;39174;Ikan Bandeng (sedang)
202407;Kota Adm. Jakarta Selatan;31;38579;Ikan Mas
202407;Kota Adm. Jakarta Selatan;31;29009;Ikan Lele
202407;Kota Adm. Jakarta Selatan;31;21032;Gas Elpiji 3kg
202407;Kota Adm. Jakarta Selatan;31;0;Susu Bubuk Bendera 400gr
202407;Kota Adm. Jakarta Selatan;31;51129;Susu Bubuk Dancow 400gr
202407;Kota Adm. Jakarta Selatan;31;12876;Susu Kental Bendera 200gr
202407;Kota Adm. Jakarta Selatan;31;11450;Susu Kental Enak 200gr
202407;Kota Adm. Jakarta Selatan;31;17282;Margarin Blueband Cup
202407;Kota Adm. Jakarta Selatan;31;10351;Margarin Blueband Sachet
202407;Kota Adm. Jakarta Timur;31;14908;Beras IR I (IR 64)
202407;Kota Adm. Jakarta Timur;31;14269;Beras IR II (IR 64) Ramos
202407;Kota Adm. Jakarta Timur;31;12817;Beras IR III (IR 64)
202407;Kota Adm. Jakarta Timur;31;14032;Beras Muncul I
202407;Kota Adm. Jakarta Timur;31;15257;Beras IR 42/Pera
202407;Kota Adm. Jakarta Timur;31;15298;Beras Setra I/Premium
202407;Kota Adm. Jakarta Timur;31;17179;Minyak Goreng (Kuning/Curah)
202407;Kota Adm. Jakarta Timur;31;47844;Cabe Merah Keriting
202407;Kota Adm. Jakarta Timur;31;59027;Cabe Merah Besar (TW)
202407;Kota Adm. Jakarta Timur;31;65816;Cabe Rawit Merah
202407;Kota Adm. Jakarta Timur;31;56663;Cabe Rawit Hijau
202407;Kota Adm. Jakarta Timur;31;36944;Bawang Merah
202407;Kota Adm. Jakarta Timur;31;44539;Bawang Putih
202407;Kota Adm. Jakarta Timur;31;141716;Daging Sapi Has (Paha Belakang)
202407;Kota Adm. Jakarta Timur;31;136060;Daging Sapi Murni (Semur)
202407;Kota Adm. Jakarta Timur;31;40948;Ayam Broiler/Ras
202407;Kota Adm. Jakarta Timur;31;28501;Telur Ayam Ras
202407;Kota Adm. Jakarta Timur;31;17532;Gula Pasir
202407;Kota Adm. Jakarta Timur;31;11099;Tepung Terigu
202407;Kota Adm. Jakarta Timur;31;3387;Garam Dapur
202407;Kota Adm. Jakarta Timur;31;22343;Kentang (sedang)
202407;Kota Adm. Jakarta Timur;31;12574;Tomat Buah
202407;Kota Adm. Jakarta Timur;31;10197;Kelapa Kupas
202407;Kota Adm. Jakarta Timur;31;11681;Semangka
202407;Kota Adm. Jakarta Timur;31;28751;Jeruk Medan
202407;Kota Adm. Jakarta Timur;31;148579;Daging Kambing
202407;Kota Adm. Jakarta Timur;31;94930;Daging Babi Berlemak
202407;Kota Adm. Jakarta Timur;31;43568;Ikan Bandeng (sedang)
202407;Kota Adm. Jakarta Timur;31;37471;Ikan Mas
202407;Kota Adm. Jakarta Timur;31;27723;Ikan Lele
202407;Kota Adm. Jakarta Timur;31;21283;Gas Elpiji 3kg
202407;Kota Adm. Jakarta Timur;31;44548;Susu Bubuk Bendera 400gr
202407;Kota Adm. Jakarta Timur;31;43000;Susu Bubuk Dancow 400gr
202407;Kota Adm. Jakarta Timur;31;12077;Susu Kental Bendera 200gr
202407;Kota Adm. Jakarta Timur;31;11366;Susu Kental Enak 200gr
202407;Kota Adm. Jakarta Timur;31;14717;Margarin Blueband Cup
202407;Kota Adm. Jakarta Timur;31;10820;Margarin Blueband Sachet
202408;Kota Adm. Jakarta Timur;31;42685;Bawang Putih
202408;Kota Adm. Jakarta Timur;31;144889;Daging Sapi Has (Paha Belakang)
202408;Kota Adm. Jakarta Timur;31;138033;Daging Sapi Murni (Semur)
202408;Kota Adm. Jakarta Timur;31;39412;Ayam Broiler/Ras
202408;Kota Adm. Jakarta Timur;31;27783;Telur Ayam Ras
202408;Kota Adm. Jakarta Timur;31;17376;Gula Pasir
202408;Kota Adm. Jakarta Timur;31;10371;Tepung Terigu
202408;Kota Adm. Jakarta Timur;31;3601;Garam Dapur
202408;Kota Adm. Jakarta Timur;31;21021;Kentang (sedang)
202408;Kota Adm. Jakarta Timur;31;11013;Tomat Buah
202408;Kota Adm. Jakarta Timur;31;9906;Kelapa Kupas
202408;Kota Adm. Jakarta Timur;31;10563;Semangka
202408;Kota Adm. Jakarta Timur;31;26309;Jeruk Medan
202408;Kota Adm. Jakarta Timur;31;146325;Daging Kambing
202408;Kota Adm. Jakarta Timur;31;102413;Daging Babi Berlemak
202408;Kota Adm. Jakarta Timur;31;41354;Ikan Bandeng (sedang)
202408;Kota Adm. Jakarta Timur;31;37923;Ikan Mas
202408;Kota Adm. Jakarta Timur;31;27719;Ikan Lele
202408;Kota Adm. Jakarta Timur;31;20860;Gas Elpiji 3kg
202408;Kota Adm. Jakarta Timur;31;43733;Susu Bubuk Bendera 400gr
202408;Kota Adm. Jakarta Timur;31;43000;Susu Bubuk Dancow 400gr
202408;Kota Adm. Jakarta Timur;31;12305;Susu Kental Bendera 200gr
202408;Kota Adm. Jakarta Timur;31;11414;Susu Kental Enak 200gr
202408;Kota Adm. Jakarta Timur;31;14456;Margarin Blueband Cup
202408;Kota Adm. Jakarta Timur;31;10534;Margarin Blueband Sachet
202408;Kota Adm. Jakarta Pusat;31;14356;Beras IR. I (IR 64)
202408;Kota Adm. Jakarta Pusat;31;13095;Beras IR. II (IR 64) Ramos
202408;Kota Adm. Jakarta Pusat;31;12771;Beras IR. III (IR 64)
202408;Kota Adm. Jakarta Pusat;31;13834;Beras Muncul .I
202408;Kota Adm. Jakarta Pusat;31;15814;Beras IR 42/Pera
202408;Kota Adm. Jakarta Pusat;31;15329;Beras Setra I/Premium
202408;Kota Adm. Jakarta Pusat;31;17271;Minyak Goreng (Kuning/Curah)
202408;Kota Adm. Jakarta Pusat;31;49432;Cabe Merah Keriting
202408;Kota Adm. Jakarta Pusat;31;50912;Cabe Merah Besar (TW)
202408;Kota Adm. Jakarta Pusat;31;74597;Cabe Rawit Merah
202408;Kota Adm. Jakarta Pusat;31;55898;Cabe Rawit Hijau
202408;Kota Adm. Jakarta Pusat;31;34605;Bawang Merah
202408;Kota Adm. Jakarta Pusat;31;42028;Bawang Putih
202408;Kota Adm. Jakarta Pusat;31;142101;Daging Sapi Has (Paha Belakang)
202408;Kota Adm. Jakarta Pusat;31;133891;Daging Sapi Murni (Semur)
202408;Kota Adm. Jakarta Pusat;31;39044;Ayam Broiler/Ras
202408;Kota Adm. Jakarta Pusat;31;27995;Telur Ayam Ras
202408;Kota Adm. Jakarta Pusat;31;17244;Gula Pasir
202408;Kota Adm. Jakarta Pusat;31;10260;Tepung Terigu
202408;Kota Adm. Jakarta Pusat;31;3400;Garam Dapur
202408;Kota Adm. Jakarta Pusat;31;21723;Kentang (sedang)
202408;Kota Adm. Jakarta Pusat;31;13396;Tomat Buah
202408;Kota Adm. Jakarta Pusat;31;9666;Kelapa Kupas
202408;Kota Adm. Jakarta Pusat;31;12006;Semangka
202408;Kota Adm. Jakarta Pusat;31;30433;Jeruk Medan
202408;Kota Adm. Jakarta Pusat;31;143916;Daging Kambing
202408;Kota Adm. Jakarta Pusat;31;112444;Daging Babi Berlemak
202408;Kota Adm. Jakarta Pusat;31;41483;Ikan Bandeng (sedang)
202408;Kota Adm. Jakarta Pusat;31;39338;Ikan Mas
202408;Kota Adm. Jakarta Pusat;31;27872;Ikan Lele
202408;Kota Adm. Jakarta Pusat;31;20855;Gas Elpiji 3kg
202408;Kota Adm. Jakarta Pusat;31;12638;Susu Kental Bendera 200gr
202408;Kota Adm. Jakarta Pusat;31;11034;Susu Kental Enak 200gr
202408;Kota Adm. Jakarta Pusat;31;15178;Margarin Blueband Cup
202408;Kota Adm. Jakarta Pusat;31;10203;Margarin Blueband Sachet
202408;Kota Adm. Jakarta Utara;31;14874;Beras IR. I (IR 64)
202408;Kota Adm. Jakarta Utara;31;14254;Beras IR. II (IR 64) Ramos
202408;Kota Adm. Jakarta Utara;31;13494;Beras IR. III (IR 64)
202408;Kota Adm. Jakarta Utara;31;15451;Beras Muncul .I
202408;Kota Adm. Jakarta Utara;31;15777;Beras IR 42/Pera
202408;Kota Adm. Jakarta Utara;31;16347;Beras Setra I/Premium
202408;Kota Adm. Jakarta Utara;31;17291;Minyak Goreng (Kuning/Curah)
202408;Kota Adm. Jakarta Utara;31;54125;Cabe Merah Keriting
202408;Kota Adm. Jakarta Utara;31;57997;Cabe Merah Besar (TW)
202408;Kota Adm. Jakarta Utara;31;80302;Cabe Rawit Merah
202408;Kota Adm. Jakarta Utara;31;60747;Cabe Rawit Hijau
202408;Kota Adm. Jakarta Utara;31;34005;Bawang Merah
202408;Kota Adm. Jakarta Utara;31;43324;Bawang Putih
202408;Kota Adm. Jakarta Utara;31;146099;Daging Sapi Has (Paha Belakang)
202408;Kota Adm. Jakarta Utara;31;143188;Daging Sapi Murni (Semur)
202408;Kota Adm. Jakarta Utara;31;43071;Ayam Broiler/Ras
202408;Kota Adm. Jakarta Utara;31;27799;Telur Ayam Ras
202408;Kota Adm. Jakarta Utara;31;18285;Gula Pasir
202408;Kota Adm. Jakarta Utara;31;11641;Tepung Terigu
202408;Kota Adm. Jakarta Utara;31;5530;Garam Dapur
202408;Kota Adm. Jakarta Utara;31;23334;Kentang (sedang)
202408;Kota Adm. Jakarta Utara;31;13909;Tomat Buah
202408;Kota Adm. Jakarta Utara;31;10761;Kelapa Kupas
202408;Kota Adm. Jakarta Utara;31;12425;Semangka
202408;Kota Adm. Jakarta Utara;31;33711;Jeruk Medan
202408;Kota Adm. Jakarta Utara;31;142416;Daging Kambing
202408;Kota Adm. Jakarta Utara;31;102291;Daging Babi Berlemak
202408;Kota Adm. Jakarta Utara;31;41593;Ikan Bandeng (sedang)
202408;Kota Adm. Jakarta Utara;31;37160;Ikan Mas
202408;Kota Adm. Jakarta Utara;31;29528;Ikan Lele
202408;Kota Adm. Jakarta Utara;31;21000;Gas Elpiji 3kg
202408;Kota Adm. Jakarta Utara;31;44566;Susu Bubuk Bendera 400gr
202408;Kota Adm. Jakarta Utara;31;55372;Susu Bubuk Dancow 400gr
202408;Kota Adm. Jakarta Utara;31;14044;Susu Kental Bendera 200gr
202408;Kota Adm. Jakarta Utara;31;11624;Susu Kental Enak 200gr
202408;Kota Adm. Jakarta Utara;31;17583;Margarin Blueband Cup
202408;Kota Adm. Jakarta Utara;31;11008;Margarin Blueband Sachet
202408;Kota Adm. Jakarta Barat;31;15138;Beras IR. I (IR 64)
202408;Kota Adm. Jakarta Barat;31;14106;Beras IR. II (IR 64) Ramos
202408;Kota Adm. Jakarta Barat;31;13189;Beras IR. III (IR 64)
202408;Kota Adm. Jakarta Barat;31;14266;Beras Muncul .I
202408;Kota Adm. Jakarta Barat;31;15978;Beras IR 42/Pera
202408;Kota Adm. Jakarta Barat;31;15191;Beras Setra I/Premium
202408;Kota Adm. Jakarta Barat;31;17489;Minyak Goreng (Kuning/Curah)
202408;Kota Adm. Jakarta Barat;31;47526;Cabe Merah Keriting
202408;Kota Adm. Jakarta Barat;31;47412;Cabe Merah Besar (TW)
202408;Kota Adm. Jakarta Barat;31;69807;Cabe Rawit Merah
202408;Kota Adm. Jakarta Barat;31;52210;Cabe Rawit Hijau
202408;Kota Adm. Jakarta Barat;31;30785;Bawang Merah
202408;Kota Adm. Jakarta Barat;31;41328;Bawang Putih
202408;Kota Adm. Jakarta Barat;31;145171;Daging Sapi Has (Paha Belakang)
202408;Kota Adm. Jakarta Barat;31;138043;Daging Sapi Murni (Semur)
202408;Kota Adm. Jakarta Barat;31;38503;Ayam Broiler/Ras
202408;Kota Adm. Jakarta Barat;31;27655;Telur Ayam Ras
202408;Kota Adm. Jakarta Barat;31;18661;Gula Pasir
202408;Kota Adm. Jakarta Barat;31;11267;Tepung Terigu
202408;Kota Adm. Jakarta Barat;31;4460;Garam Dapur
202408;Kota Adm. Jakarta Barat;31;22596;Kentang (sedang)
202408;Kota Adm. Jakarta Barat;31;11930;Tomat Buah
202408;Kota Adm. Jakarta Barat;31;8980;Kelapa Kupas
202408;Kota Adm. Jakarta Barat;31;11266;Semangka
202408;Kota Adm. Jakarta Barat;31;28233;Jeruk Medan
202408;Kota Adm. Jakarta Barat;31;148277;Daging Kambing
202408;Kota Adm. Jakarta Barat;31;118427;Daging Babi Berlemak
202408;Kota Adm. Jakarta Barat;31;42352;Ikan Bandeng (sedang)
202408;Kota Adm. Jakarta Barat;31;37378;Ikan Mas
202408;Kota Adm. Jakarta Barat;31;29167;Ikan Lele
202408;Kota Adm. Jakarta Barat;31;22033;Gas Elpiji 3kg
202408;Kota Adm. Jakarta Barat;31;33400;Susu Bubuk Bendera 400gr
202408;Kota Adm. Jakarta Barat;31;43500;Susu Bubuk Dancow 400gr
202408;Kota Adm. Jakarta Barat;31;13251;Susu Kental Bendera 200gr
202408;Kota Adm. Jakarta Barat;31;12194;Susu Kental Enak 200gr
202408;Kota Adm. Jakarta Barat;31;14350;Margarin Blueband Cup
202408;Kota Adm. Jakarta Barat;31;9454;Margarin Blueband Sachet
202408;Kota Adm. Jakarta Selatan;31;14316;Beras IR. I (IR 64)
202408;Kota Adm. Jakarta Selatan;31;14691;Beras IR. II (IR 64) Ramos
202408;Kota Adm. Jakarta Selatan;31;13411;Beras IR. III (IR 64)
202408;Kota Adm. Jakarta Selatan;31;18558;Beras Muncul .I
202408;Kota Adm. Jakarta Selatan;31;15481;Beras IR 42/Pera
202408;Kota Adm. Jakarta Selatan;31;14583;Beras Setra I/Premium
202408;Kota Adm. Jakarta Selatan;31;17356;Minyak Goreng (Kuning/Curah)
202408;Kota Adm. Jakarta Selatan;31;46608;Cabe Merah Keriting
202408;Kota Adm. Jakarta Selatan;31;53760;Cabe Merah Besar (TW)
202408;Kota Adm. Jakarta Selatan;31;72040;Cabe Rawit Merah
202408;Kota Adm. Jakarta Selatan;31;56703;Cabe Rawit Hijau
202408;Kota Adm. Jakarta Selatan;31;31750;Bawang Merah
202408;Kota Adm. Jakarta Selatan;31;43359;Bawang Putih
202408;Kota Adm. Jakarta Selatan;31;137385;Daging Sapi Has (Paha Belakang)
202408;Kota Adm. Jakarta Selatan;31;136350;Daging Sapi Murni (Semur)
202408;Kota Adm. Jakarta Selatan;31;39468;Ayam Broiler/Ras
202408;Kota Adm. Jakarta Selatan;31;28043;Telur Ayam Ras
202408;Kota Adm. Jakarta Selatan;31;18369;Gula Pasir
202408;Kota Adm. Jakarta Selatan;31;10548;Tepung Terigu
202408;Kota Adm. Jakarta Selatan;31;4298;Garam Dapur
202408;Kota Adm. Jakarta Selatan;31;23149;Kentang (sedang)
202408;Kota Adm. Jakarta Selatan;31;11927;Tomat Buah
202408;Kota Adm. Jakarta Selatan;31;9822;Kelapa Kupas
202408;Kota Adm. Jakarta Selatan;31;12059;Semangka
202408;Kota Adm. Jakarta Selatan;31;31496;Jeruk Medan
202408;Kota Adm. Jakarta Selatan;31;147125;Daging Kambing
202408;Kota Adm. Jakarta Selatan;31;150333;Daging Babi Berlemak
202408;Kota Adm. Jakarta Selatan;31;39179;Ikan Bandeng (sedang)
202408;Kota Adm. Jakarta Selatan;31;38442;Ikan Mas
202408;Kota Adm. Jakarta Selatan;31;28898;Ikan Lele
202408;Kota Adm. Jakarta Selatan;31;20966;Gas Elpiji 3kg
202408;Kota Adm. Jakarta Selatan;31;48750;Susu Bubuk Dancow 400gr
202408;Kota Adm. Jakarta Selatan;31;13030;Susu Kental Bendera 200gr
202408;Kota Adm. Jakarta Selatan;31;11449;Susu Kental Enak 200gr
202408;Kota Adm. Jakarta Selatan;31;17323;Margarin Blueband Cup
202408;Kota Adm. Jakarta Selatan;31;10439;Margarin Blueband Sachet
202408;Kota Adm. Jakarta Timur;31;14804;Beras IR. I (IR 64)
202408;Kota Adm. Jakarta Timur;31;13991;Beras IR. II (IR 64) Ramos
202408;Kota Adm. Jakarta Timur;31;13198;Beras IR. III (IR 64)
202408;Kota Adm. Jakarta Timur;31;14511;Beras Muncul .I
202408;Kota Adm. Jakarta Timur;31;15225;Beras IR 42/Pera
202408;Kota Adm. Jakarta Timur;31;15461;Beras Setra I/Premium
202408;Kota Adm. Jakarta Timur;31;17271;Minyak Goreng (Kuning/Curah)
202408;Kota Adm. Jakarta Timur;31;45127;Cabe Merah Keriting
202408;Kota Adm. Jakarta Timur;31;52792;Cabe Merah Besar (TW)
202408;Kota Adm. Jakarta Timur;31;69914;Cabe Rawit Merah
202408;Kota Adm. Jakarta Timur;31;51730;Cabe Rawit Hijau
202408;Kota Adm. Jakarta Timur;31;30774;Bawang Merah
