periode,wilayah,harga,komoditas
2024-01-31,Jakarta Utara,71927,Cabe Merah Keriting
2024-01-31,Jakarta Utara,78807,Cabe Merah Besar (TW)
2024-01-31,Jakarta Utara,74606,Cabe Rawit Merah
2024-01-31,Jakarta Utara,50977,Cabe Rawit Hijau
2024-01-31,Jakarta Utara,41985,Bawang Merah
2024-01-31,Jakarta Utara,43643,Bawang Putih
2024-01-31,Jakarta Utara,146200,Daging Sapi Has (Paha Belakang)
2024-01-31,Jakarta Utara,144302,Daging Sapi Murni (Semur)
2024-01-31,Jakarta Utara,42011,Ayam Broiler/Ras
2024-01-31,Jakarta Utara,27316,Telur Ayam Ras
2024-01-31,Jakarta Utara,16086,Gula Pasir
2024-01-31,Jakarta Utara,11907,Tepung Terigu
2024-01-31,Jakarta Utara,4003,Garam Dapur
2024-01-31,Jakarta Utara,20644,Kentang (sedang)
2024-01-31,Jakarta Utara,22483,Tomat Buah
2024-01-31,Jakarta Utara,10300,Kelapa Kupas
2024-01-31,Jakarta Utara,12935,Semangka
2024-01-31,Jakarta Utara,33699,Jeruk Medan
2024-01-31,Jakarta Utara,140780,Daging Kambing
2024-01-31,Jakarta Utara,110032,Daging Babi Berlemak
2024-01-31,Jakarta Utara,39679,Ikan Bandeng (sedang)
2024-01-31,Jakarta Utara,36934,Ikan Mas
2024-01-31,Jakarta Utara,28106,Ikan Lele
2024-01-31,Jakarta Utara,20807,Gas Elpiji 3kg
2024-01-31,Jakarta Utara,43000,Susu Bubuk Bendera 400gr
2024-01-31,Jakarta Utara,51048,Susu Bubuk Dancow 400gr
2024-01-31,Jakarta Utara,14329,Susu Kental Bendera 200gr
2024-01-31,Jakarta Utara,11399,Susu Kental Enak 200gr
2024-01-31,Jakarta Utara,17507,Margarin Blueband Cup
2024-01-31,Jakarta Utara,11745,Margarin Blueband Sachet
2024-01-31,Jakarta Barat,14530,Beras IR I (IR 64)
2024-01-31,Jakarta Barat,13747,Beras IR II (IR 64) Ramos
2024-01-31,Jakarta Barat,12436,Beras IR III (IR 64)
2024-01-31,Jakarta Barat,15034,Beras Muncul I
2024-01-31,Jakarta Barat,14786,Beras IR 42/Pera
2024-01-31,Jakarta Barat,14237,Beras Setra I/Premium
2024-01-31,Jakarta Barat,15905,Minyak Goreng (Kuning/Curah)
2024-01-31,Jakarta Barat,69667,Cabe Merah Keriting
2024-01-31,Jakarta Barat,76638,Cabe Merah Besar (TW)
2024-01-31,Jakarta Barat,66473,Cabe Rawit Merah
2024-01-31,Jakarta Barat,44367,Cabe Rawit Hijau
2024-01-31,Jakarta Barat,38634,Bawang Merah
2024-01-31,Jakarta Barat,40426,Bawang Putih
2024-01-31,Jakarta Barat,140601,Daging Sapi Has (Paha Belakang)
2024-01-31,Jakarta Barat,135285,Daging Sapi Murni (Semur)
2024-01-31,Jakarta Barat,38649,Ayam Broiler/Ras
2024-01-31,Jakarta Barat,27358,Telur Ayam Ras
2024-01-31,Jakarta Barat,17524,Gula Pasir
2024-01-31,Jakarta Barat,11933,Tepung Terigu
2024-01-31,Jakarta Barat,4293,Garam Dapur
2024-01-31,Jakarta Barat,20622,Kentang (sedang)
2024-01-31,Jakarta Barat,24651,Tomat Buah
2024-01-31,Jakarta Barat,9291,Kelapa Kupas
2024-01-31,Jakarta Barat,11043,Semangka
2024-01-31,Jakarta Barat,26276,Jeruk Medan
2024-01-31,Jakarta Barat,146452,Daging Kambing
2024-01-31,Jakarta Barat,112253,Daging Babi Berlemak
2024-03-31,Jakarta Timur,3750,Susu Bubuk Dancow 400gr
2024-04-30,Jakarta Pusat,15429,Beras IR I (IR 64)
2024-04-30,Jakarta Pusat,14811,Beras IR II (IR 64) Ramos
2024-04-30,Jakarta Pusat,14973,Beras IR III (IR 64)
2024-04-30,Jakarta Pusat,15730,Beras Muncul I
2024-04-30,Jakarta Pusat,15835,Beras IR 42/Pera
2024-04-30,Jakarta Pusat,15571,Beras Setra I/Premium
2024-04-30,Jakarta Pusat,16906,Minyak Goreng (Kuning/Curah)
2024-04-30,Jakarta Pusat,50188,Cabe Merah Keriting
2024-04-30,Jakarta Pusat,62422,Cabe Merah Besar (TW)
2024-04-30,Jakarta Pusat,50269,Cabe Rawit Merah
2024-04-30,Jakarta Pusat,47986,Cabe Rawit Hijau
2024-04-30,Jakarta Pusat,55453,Bawang Merah
2024-04-30,Jakarta Pusat,45598,Bawang Putih
2024-04-30,Jakarta Pusat,146318,Daging Sapi Has (Paha Belakang)
2024-04-30,Jakarta Pusat,140626,Daging Sapi Murni (Semur)
2024-04-30,Jakarta Pusat,44126,Ayam Broiler/Ras
2024-04-30,Jakarta Pusat,29925,Telur Ayam Ras
2024-04-30,Jakarta Pusat,16622,Gula Pasir
2024-04-30,Jakarta Pusat,10317,Tepung Terigu
2024-04-30,Jakarta Pusat,3677,Garam Dapur
2024-04-30,Jakarta Pusat,19905,Kentang (sedang)
2024-04-30,Jakarta Pusat,26928,Tomat Buah
2024-04-30,Jakarta Pusat,10347,Kelapa Kupas
2024-04-30,Jakarta Pusat,11763,Semangka
2024-04-30,Jakarta Pusat,31375,Jeruk Medan
2024-04-30,Jakarta Pusat,145288,Daging Kambing
2024-04-30,Jakarta Pusat,123525,Daging Babi Berlemak
2024-04-30,Jakarta Pusat,43699,Ikan Bandeng (sedang)
2024-04-30,Jakarta Pusat,37029,Ikan Mas
2024-04-30,Jakarta Pusat,27973,Ikan Lele
2024-04-30,Jakarta Pusat,21514,Gas Elpiji 3kg
2024-04-30,Jakarta Pusat,45000,Susu Bubuk Bendera 400gr
2024-04-30,Jakarta Pusat,42640,Susu Bubuk Dancow 400gr
2024-04-30,Jakarta Pusat,12132,Susu Kental Bendera 200gr
2024-04-30,Jakarta Pusat,10574,Susu Kental Enak 200gr
2024-04-30,Jakarta Pusat,15695,Margarin Blueband Cup
2024-04-30,Jakarta Pusat,10174,Margarin Blueband Sachet
2024-04-30,Jakarta Utara,15606,Beras IR I (IR 64)
2024-04-30,Jakarta Utara,15123,Beras IR II (IR 64) Ramos
2024-04-30,Jakarta Utara,14493,Beras IR III (IR 64)
2024-04-30,Jakarta Utara,16304,Beras Muncul I
2024-04-30,Jakarta Utara,16670,Beras IR 42/Pera
2024-01-31,Jakarta Barat,41717,Ikan Bandeng (sedang)
2024-01-31,Jakarta Barat,38699,Ikan Mas
2024-01-31,Jakarta Barat,29944,Ikan Lele
2024-01-31,Jakarta Barat,22306,Gas Elpiji 3kg
2024-01-31,Jakarta Barat,31871,Susu Bubuk Bendera 400gr
2024-01-31,Jakarta Barat,48661,Susu Bubuk Dancow 400gr
2024-01-31,Jakarta Barat,13806,Susu Kental Bendera 200gr
2024-01-31,Jakarta Barat,13097,Susu Kental Enak 200gr
2024-01-31,Jakarta Barat,15398,Margarin Blueband Cup
2024-01-31,Jakarta Barat,9984,Margarin Blueband Sachet
2024-01-31,Jakarta Selatan,13763,Beras IR I (IR 64)
2024-01-31,Jakarta Selatan,12872,Beras IR II (IR 64) Ramos
2024-01-31,Jakarta Selatan,12389,Beras IR III (IR 64)
2024-01-31,Jakarta Selatan,14600,Beras Muncul I
2024-01-31,Jakarta Selatan,14573,Beras IR 42/Pera
2024-01-31,Jakarta Selatan,13629,Beras Setra I/Premium
2024-04-30,Jakarta Utara,16340,Beras Setra I/Premium
2024-04-30,Jakarta Utara,16384,Minyak Goreng (Kuning/Curah)
2024-04-30,Jakarta Utara,56199,Cabe Merah Keriting
2024-04-30,Jakarta Utara,68156,Cabe Merah Besar (TW)
2024-04-30,Jakarta Utara,56244,Cabe Rawit Merah
2024-04-30,Jakarta Utara,54113,Cabe Rawit Hijau
2024-04-30,Jakarta Utara,55197,Bawang Merah
2024-04-30,Jakarta Utara,45791,Bawang Putih
2024-04-30,Jakarta Utara,150216,Daging Sapi Has (Paha Belakang)
2024-04-30,Jakarta Utara,145277,Daging Sapi Murni (Semur)
2024-04-30,Jakarta Utara,45437,Ayam Broiler/Ras
2024-04-30,Jakarta Utara,30102,Telur Ayam Ras
2024-04-30,Jakarta Utara,16836,Gula Pasir
2024-04-30,Jakarta Utara,11583,Tepung Terigu
2024-04-30,Jakarta Utara,3914,Garam Dapur
2024-04-30,Jakarta Utara,21527,Kentang (sedang)
2024-04-30,Jakarta Utara,26086,Tomat Buah
2024-04-30,Jakarta Utara,10582,Kelapa Kupas
2024-04-30,Jakarta Utara,12599,Semangka
2024-04-30,Jakarta Utara,33804,Jeruk Medan
2024-04-30,Jakarta Utara,140681,Daging Kambing
2024-04-30,Jakarta Utara,111868,Daging Babi Berlemak
2024-04-30,Jakarta Utara,40935,Ikan Bandeng (sedang)
2024-04-30,Jakarta Utara,37019,Ikan Mas
2024-04-30,Jakarta Utara,28052,Ikan Lele
2024-04-30,Jakarta Utara,21992,Gas Elpiji 3kg
2024-04-30,Jakarta Utara,43863,Susu Bubuk Bendera 400gr
2024-04-30,Jakarta Utara,50692,Susu Bubuk Dancow 400gr
2024-04-30,Jakarta Utara,15377,Susu Kental Bendera 200gr
2024-04-30,Jakarta Utara,11262,Susu Kental Enak 200gr
2024-04-30,Jakarta Utara,17417,Margarin Blueband Cup
2024-04-30,Jakarta Utara,12065,Margarin Blueband Sachet
2024-04-30,Jakarta Barat,16111,Beras IR I (IR 64)
2024-04-30,Jakarta Barat,14726,Beras IR II (IR 64) Ramos
2024-04-30,Jakarta Barat,13620,Beras IR III (IR 64)
2024-04-30,Jakarta Barat,15652,Beras Muncul I
2024-04-30,Jakarta Barat,16264,Beras IR 42/Pera
2024-04-30,Jakarta Barat,15361,Beras Setra I/Premium
2024-04-30,Jakarta Barat,16921,Minyak Goreng (Kuning/Curah)
2024-04-30,Jakarta Barat,49172,Cabe Merah Keriting
2024-04-30,Jakarta Barat,63997,Cabe Merah Besar (TW)
2024-04-30,Jakarta Barat,47428,Cabe Rawit Merah
2024-04-30,Jakarta Barat,45182,Cabe Rawit Hijau
2024-04-30,Jakarta Barat,58466,Bawang Merah
2024-04-30,Jakarta Barat,44374,Bawang Putih
2024-04-30,Jakarta Barat,147068,Daging Sapi Has (Paha Belakang)
2024-04-30,Jakarta Barat,140105,Daging Sapi Murni (Semur)
2024-04-30,Jakarta Barat,40989,Ayam Broiler/Ras
2024-04-30,Jakarta Barat,29615,Telur Ayam Ras
2024-04-30,Jakarta Barat,17806,Gula Pasir
2024-04-30,Jakarta Barat,12064,Tepung Terigu
2024-04-30,Jakarta Barat,4286,Garam Dapur
2024-04-30,Jakarta Barat,19684,Kentang (sedang)
2024-04-30,Jakarta Barat,27107,Tomat Buah
2024-04-30,Jakarta Barat,9375,Kelapa Kupas
2024-04-30,Jakarta Barat,11550,Semangka
2024-04-30,Jakarta Barat,25643,Jeruk Medan
2024-04-30,Jakarta Barat,150000,Daging Kambing
2024-04-30,Jakarta Barat,112780,Daging Babi Berlemak
2024-04-30,Jakarta Barat,42311,Ikan Bandeng (sedang)
2024-04-30,Jakarta Barat,39777,Ikan Mas
2024-04-30,Jakarta Barat,29731,Ikan Lele
2024-04-30,Jakarta Barat,22066,Gas Elpiji 3kg
2024-04-30,Jakarta Barat,28026,Susu Bubuk Bendera 400gr
2024-04-30,Jakarta Barat,42608,Susu Bubuk Dancow 400gr
2024-04-30,Jakarta Barat,13456,Susu Kental Bendera 200gr
2024-04-30,Jakarta Barat,12213,Susu Kental Enak 200gr
2024-04-30,Jakarta Barat,14947,Margarin Blueband Cup
2024-04-30,Jakarta Barat,9779,Margarin Blueband Sachet
2024-04-30,Jakarta Selatan,15415,Beras IR I (IR 64)
2024-04-30,Jakarta Selatan,14802,Beras IR II (IR 64) Ramos
2024-04-30,Jakarta Selatan,13884,Beras IR III (IR 64)
2024-04-30,Jakarta Selatan,17725,Beras Muncul I
2024-04-30,Jakarta Selatan,15959,Beras IR 42/Pera
2024-04-30,Jakarta Selatan,15921,Beras Setra I/Premium
2024-04-30,Jakarta Selatan,16863,Minyak Goreng (Kuning/Curah)
2024-04-30,Jakarta Selatan,57315,Cabe Merah Keriting
2024-04-30,Jakarta Selatan,73875,Cabe Merah Besar (TW)
2024-04-30,Jakarta Selatan,56860,Cabe Rawit Merah
2024-04-30,Jakarta Selatan,50112,Cabe Rawit Hijau
2024-04-30,Jakarta Selatan,54261,Bawang Merah
2024-04-30,Jakarta Selatan,47177,Bawang Putih
2024-04-30,Jakarta Selatan,141214,Daging Sapi Has (Paha Belakang)
2024-04-30,Jakarta Selatan,136283,Daging Sapi Murni (Semur)
2024-04-30,Jakarta Selatan,43914,Ayam Broiler/Ras
2024-04-30,Jakarta Selatan,29684,Telur Ayam Ras
2024-04-30,Jakarta Selatan,16961,Gula Pasir
2024-04-30,Jakarta Selatan,11339,Tepung Terigu
2024-04-30,Jakarta Selatan,3823,Garam Dapur
2024-02-29,Jakarta Selatan,15999,Minyak Goreng (Kuning/Curah)
2024-02-29,Jakarta Selatan,79538,Cabe Merah Keriting
2024-02-29,Jakarta Selatan,93590,Cabe Merah Besar (TW)
2024-02-29,Jakarta Selatan,72225,Cabe Rawit Merah
2024-02-29,Jakarta Selatan,52473,Cabe Rawit Hijau
2024-02-29,Jakarta Selatan,37630,Bawang Merah
2024-02-29,Jakarta Selatan,41980,Bawang Putih
2024-02-29,Jakarta Selatan,138780,Daging Sapi Has (Paha Belakang)
2024-02-29,Jakarta Selatan,137034,Daging Sapi Murni (Semur)
2024-02-29,Jakarta Selatan,41105,Ayam Broiler/Ras
2024-02-29,Jakarta Selatan,28674,Telur Ayam Ras
2024-02-29,Jakarta Selatan,16497,Gula Pasir
2024-02-29,Jakarta Selatan,11032,Tepung Terigu
2024-02-29,Jakarta Selatan,3665,Garam Dapur
2024-02-29,Jakarta Selatan,19868,Kentang (sedang)
2024-02-29,Jakarta Selatan,24008,Tomat Buah
2024-02-29,Jakarta Selatan,9830,Kelapa Kupas
2024-02-29,Jakarta Selatan,12025,Semangka
2024-02-29,Jakarta Selatan,29768,Jeruk Medan
2024-02-29,Jakarta Selatan,149388,Daging Kambing
2024-02-29,Jakarta Selatan,140000,Daging Babi Berlemak
2024-02-29,Jakarta Selatan,40076,Ikan Bandeng (sedang)
2024-02-29,Jakarta Selatan,37465,Ikan Mas
2024-02-29,Jakarta Selatan,28408,Ikan Lele
2024-02-29,Jakarta Selatan,20000,Gas Elpiji 3kg
2024-02-29,Jakarta Selatan,0,Susu Bubuk Bendera 400gr
2024-02-29,Jakarta Selatan,46655,Susu Bubuk Dancow 400gr
2024-02-29,Jakarta Selatan,12808,Susu Kental Bendera 200gr
2024-02-29,Jakarta Selatan,11345,Susu Kental Enak 200gr
2024-02-29,Jakarta Selatan,16109,Margarin Blueband Cup
2024-02-29,Jakarta Selatan,10802,Margarin Blueband Sachet
2024-02-29,Jakarta Timur,14252,Beras IR I (IR 64)
2024-02-29,Jakarta Timur,14078,Beras IR II (IR 64) Ramos
2024-02-29,Jakarta Timur,13863,Beras IR III (IR 64)
2024-02-29,Jakarta Timur,14641,Beras Muncul I
2024-02-29,Jakarta Timur,15291,Beras IR 42/Pera
2024-02-29,Jakarta Timur,14842,Beras Setra I/Premium
2024-02-29,Jakarta Timur,15793,Minyak Goreng (Kuning/Curah)
2024-02-29,Jakarta Timur,79109,Cabe Merah Keriting
2024-02-29,Jakarta Timur,93086,Cabe Merah Besar (TW)
2024-02-29,Jakarta Timur,70084,Cabe Rawit Merah
2024-02-29,Jakarta Timur,50583,Cabe Rawit Hijau
2024-02-29,Jakarta Timur,37057,Bawang Merah
2024-02-29,Jakarta Timur,42883,Bawang Putih
2024-02-29,Jakarta Timur,143277,Daging Sapi Has (Paha Belakang)
2024-02-29,Jakarta Timur,136448,Daging Sapi Murni (Semur)
2024-02-29,Jakarta Timur,39455,Ayam Broiler/Ras
2024-02-29,Jakarta Timur,28264,Telur Ayam Ras
2024-02-29,Jakarta Timur,16378,Gula Pasir
2024-02-29,Jakarta Timur,10434,Tepung Terigu
2024-02-29,Jakarta Timur,3467,Garam Dapur
2024-02-29,Jakarta Timur,18366,Kentang (sedang)
2024-02-29,Jakarta Timur,20323,Tomat Buah
2024-02-29,Jakarta Timur,9599,Kelapa Kupas
2024-02-29,Jakarta Timur,10571,Semangka
2024-02-29,Jakarta Timur,26871,Jeruk Medan
2024-02-29,Jakarta Timur,146190,Daging Kambing
2024-02-29,Jakarta Timur,98030,Daging Babi Berlemak
2024-02-29,Jakarta Timur,41067,Ikan Bandeng (sedang)
2024-02-29,Jakarta Timur,36980,Ikan Mas
2024-02-29,Jakarta Timur,27400,Ikan Lele
2024-02-29,Jakarta Timur,20683,Gas Elpiji 3kg
2024-02-29,Jakarta Timur,45000,Susu Bubuk Bendera 400gr
2024-02-29,Jakarta Timur,45000,Susu Bubuk Dancow 400gr
2024-02-29,Jakarta Timur,11941,Susu Kental Bendera 200gr
2024-02-29,Jakarta Timur,10827,Susu Kental Enak 200gr
2024-02-29,Jakarta Timur,13336,Margarin Blueband Cup
2024-02-29,Jakarta Timur,9519,Margarin Blueband Sachet
2024-02-29,Jakarta Pusat,16100,Beras IR I (IR 64)
2024-02-29,Jakarta Pusat,15571,Beras IR II (IR 64) Ramos
2024-02-29,Jakarta Pusat,15096,Beras IR III (IR 64)
2024-02-29,Jakarta Pusat,15557,Beras Muncul I
2024-02-29,Jakarta Pusat,16589,Beras IR 42/Pera
2024-02-29,Jakarta Pusat,16643,Beras Setra I/Premium
2024-02-29,Jakarta Pusat,16036,Minyak Goreng (Kuning/Curah)
2024-02-29,Jakarta Pusat,75556,Cabe Merah Keriting
2024-02-29,Jakarta Pusat,96556,Cabe Merah Besar (TW)
2024-02-29,Jakarta Pusat,68571,Cabe Rawit Merah
2024-02-29,Jakarta Pusat,41286,Cabe Rawit Hijau
2024-02-29,Jakarta Pusat,35857,Bawang Merah
2024-02-29,Jakarta Pusat,37679,Bawang Putih
2024-02-29,Jakarta Pusat,140000,Daging Sapi Has (Paha Belakang)
2024-02-29,Jakarta Pusat,140000,Daging Sapi Murni (Semur)
2024-02-29,Jakarta Pusat,35000,Ayam Broiler/Ras
2024-02-29,Jakarta Pusat,28714,Telur Ayam Ras
2024-02-29,Jakarta Pusat,17000,Gula Pasir
2024-02-29,Jakarta Pusat,11000,Tepung Terigu
2024-02-29,Jakarta Pusat,5000,Garam Dapur
2024-02-29,Jakarta Pusat,19407,Kentang (sedang)
2024-02-29,Jakarta Pusat,24607,Tomat Buah
2024-02-29,Jakarta Pusat,10000,Kelapa Kupas
2024-02-29,Jakarta Pusat,10196,Semangka
2024-02-29,Jakarta Pusat,26161,Jeruk Medan
2024-02-29,Jakarta Pusat,149500,Daging Kambing
2024-02-29,Jakarta Pusat,130000,Daging Babi Berlemak
2024-02-29,Jakarta Pusat,45000,Ikan Bandeng (sedang)
2024-02-29,Jakarta Pusat,39889,Ikan Mas
2024-02-29,Jakarta Pusat,27929,Ikan Lele
2024-02-29,Jakarta Pusat,22000,Gas Elpiji 3kg
2024-02-29,Jakarta Pusat,50000,Susu Bubuk Bendera 400gr
2024-02-29,Jakarta Pusat,50000,Susu Bubuk Dancow 400gr
2024-02-29,Jakarta Pusat,14607,Susu Kental Bendera 200gr
2024-02-29,Jakarta Pusat,12304,Susu Kental Enak 200gr
2024-02-29,Jakarta Pusat,15589,Margarin Blueband Cup
2024-02-29,Jakarta Pusat,11036,Margarin Blueband Sachet
2024-02-29,Jakarta Utara,15471,Beras IR I (IR 64)
2024-02-29,Jakarta Utara,14640,Beras IR II (IR 64) Ramos
2024-02-29,Jakarta Utara,13976,Beras IR III (IR 64)
2024-02-29,Jakarta Utara,15960,Beras Muncul I
2024-02-29,Jakarta Utara,16634,Beras IR 42/Pera
2024-02-29,Jakarta Utara,15443,Beras Setra I/Premium
2024-02-29,Jakarta Utara,15526,Minyak Goreng (Kuning/Curah)
2024-02-29,Jakarta Utara,78644,Cabe Merah Keriting
2024-02-29,Jakarta Utara,88501,Cabe Merah Besar (TW)
2024-02-29,Jakarta Utara,75428,Cabe Rawit Merah
2024-02-29,Jakarta Utara,54148,Cabe Rawit Hijau
2024-02-29,Jakarta Utara,41162,Bawang Merah
2024-02-29,Jakarta Utara,42758,Bawang Putih
2024-02-29,Jakarta Utara,145899,Daging Sapi Has (Paha Belakang)
2024-02-29,Jakarta Utara,144203,Daging Sapi Murni (Semur)
2024-02-29,Jakarta Utara,42246,Ayam Broiler/Ras
2024-02-29,Jakarta Utara,28477,Telur Ayam Ras
2024-02-29,Jakarta Utara,16138,Gula Pasir
2024-02-29,Jakarta Utara,11613,Tepung Terigu
2024-02-29,Jakarta Utara,4045,Garam Dapur
2024-02-29,Jakarta Utara,21090,Kentang (sedang)
2024-02-29,Jakarta Utara,23084,Tomat Buah
2024-02-29,Jakarta Utara,10229,Kelapa Kupas
2024-02-29,Jakarta Utara,12842,Semangka
2024-02-29,Jakarta Utara,34482,Jeruk Medan
2024-02-29,Jakarta Utara,140625,Daging Kambing
2024-02-29,Jakarta Utara,109348,Daging Babi Berlemak
2024-02-29,Jakarta Utara,40089,Ikan Bandeng (sedang)
2024-02-29,Jakarta Utara,36651,Ikan Mas
2024-02-29,Jakarta Utara,27767,Ikan Lele
2024-02-29,Jakarta Utara,20786,Gas Elpiji 3kg
2024-02-29,Jakarta Utara,43000,Susu Bubuk Bendera 400gr
2024-02-29,Jakarta Utara,51554,Susu Bubuk Dancow 400gr
2024-02-29,Jakarta Utara,14776,Susu Kental Bendera 200gr
2024-02-29,Jakarta Utara,11380,Susu Kental Enak 200gr
2024-02-29,Jakarta Utara,17346,Margarin Blueband Cup
2024-02-29,Jakarta Utara,11658,Margarin Blueband Sachet
2024-02-29,Jakarta Barat,16100,Beras IR I (IR 64)
2024-02-29,Jakarta Barat,15571,Beras IR II (IR 64) Ramos
2024-02-29,Jakarta Barat,15096,Beras IR III (IR 64)
2024-02-29,Jakarta Barat,15557,Beras Muncul I
2024-02-29,Jakarta Barat,16589,Beras IR 42/Pera
2024-02-29,Jakarta Barat,16643,Beras Setra I/Premium
2024-02-29,Jakarta Barat,16036,Minyak Goreng (Kuning/Curah)
2024-02-29,Jakarta Barat,75556,Cabe Merah Keriting
2024-02-29,Jakarta Barat,96556,Cabe Merah Besar (TW)
2024-02-29,Jakarta Barat,68571,Cabe Rawit Merah
2024-02-29,Jakarta Barat,41286,Cabe Rawit Hijau
2024-02-29,Jakarta Barat,35857,Bawang Merah
2024-02-29,Jakarta Barat,37679,Bawang Putih
2024-02-29,Jakarta Barat,140000,Daging Sapi Has (Paha Belakang)
2024-02-29,Jakarta Barat,140000,Daging Sapi Murni (Semur)
2024-02-29,Jakarta Barat,35000,Ayam Broiler/Ras
2024-02-29,Jakarta Barat,28714,Telur Ayam Ras
2024-02-29,Jakarta Barat,17000,Gula Pasir
2024-02-29,Jakarta Barat,11000,Tepung Terigu
2024-02-29,Jakarta Barat,5000,Garam Dapur
2024-02-29,Jakarta Barat,19407,Kentang (sedang)
2024-02-29,Jakarta Barat,24607,Tomat Buah
2024-02-29,Jakarta Barat,10000,Kelapa Kupas
2024-02-29,Jakarta Barat,10196,Semangka
2024-02-29,Jakarta Barat,26161,Jeruk Medan
2024-02-29,Jakarta Barat,149500,Daging Kambing
2024-02-29,Jakarta Barat,130000,Daging Babi Berlemak
2024-02-29,Jakarta Barat,45000,Ikan Bandeng (sedang)
2024-02-29,Jakarta Barat,39889,Ikan Mas
2024-02-29,Jakarta Barat,27929,Ikan Lele
2024-02-29,Jakarta Barat,22000,Gas Elpiji 3kg
2024-02-29,Jakarta Barat,50000,Susu Bubuk Bendera 400gr
2024-02-29,Jakarta Barat,50000,Susu Bubuk Dancow 400gr
2024-02-29,Jakarta Barat,14607,Susu Kental Bendera 200gr
2024-02-29,Jakarta Barat,12304,Susu Kental Enak 200gr
2024-02-29,Jakarta Barat,15589,Margarin Blueband Cup
2024-02-29,Jakarta Barat,11036,Margarin Blueband Sachet
2024-02-29,Jakarta Selatan,14417,Beras IR I (IR 64)
2024-02-29,Jakarta Selatan,13752,Beras IR II (IR 64) Ramos
2024-02-29,Jakarta Selatan,13310,Beras IR III (IR 64)
2024-02-29,Jakarta Selatan,15843,Beras Muncul I
2024-02-29,Jakarta Selatan,15459,Beras IR 42/Pera
2024-02-29,Jakarta Selatan,14760,Beras Setra I/Premium
2024-03-31,Jakarta Pusat,13700,Minyak Goreng (Kuning/Curah)
2024-03-31,Jakarta Pusat,17700,Kentang (sedang)
2024-03-31,Jakarta Pusat,7400,Kelapa Kupas
2024-03-31,Jakarta Utara,48710,Cabe Rawit Hijau
2024-03-31,Jakarta Selatan,14000,Daging Babi Berlemak
2024-03-31,Jakarta Selatan,4000,Gas Elpiji 3kg
2024-01-31,Jakarta Selatan,15818,Minyak Goreng (Kuning/Curah)
2024-01-31,Jakarta Selatan,75058,Cabe Merah Keriting
2024-01-31,Jakarta Selatan,81865,Cabe Merah Besar (TW)
2024-01-31,Jakarta Selatan,73087,Cabe Rawit Merah
2024-01-31,Jakarta Selatan,51386,Cabe Rawit Hijau
2024-01-31,Jakarta Selatan,38928,Bawang Merah
2024-01-31,Jakarta Selatan,41475,Bawang Putih
2024-01-31,Jakarta Selatan,139364,Daging Sapi Has (Paha Belakang)
2024-01-31,Jakarta Selatan,136970,Daging Sapi Murni (Semur)
2024-01-31,Jakarta Selatan,40881,Ayam Broiler/Ras
2024-01-31,Jakarta Selatan,27407,Telur Ayam Ras
2024-01-31,Jakarta Selatan,16505,Gula Pasir
2024-01-31,Jakarta Selatan,11035,Tepung Terigu
2024-01-31,Jakarta Selatan,3612,Garam Dapur
2024-01-31,Jakarta Selatan,19205,Kentang (sedang)
2024-01-31,Jakarta Selatan,23268,Tomat Buah
2024-01-31,Jakarta Selatan,9836,Kelapa Kupas
2024-01-31,Jakarta Selatan,11789,Semangka
2024-01-31,Jakarta Selatan,30677,Jeruk Medan
2024-01-31,Jakarta Selatan,150373,Daging Kambing
2024-01-31,Jakarta Selatan,140000,Daging Babi Berlemak
2024-01-31,Jakarta Selatan,41095,Ikan Bandeng (sedang)
2024-01-31,Jakarta Selatan,38543,Ikan Mas
2024-01-31,Jakarta Selatan,29021,Ikan Lele
2024-01-31,Jakarta Selatan,20000,Gas Elpiji 3kg
2024-01-31,Jakarta Selatan,0,Susu Bubuk Bendera 400gr
2024-01-31,Jakarta Selatan,45737,Susu Bubuk Dancow 400gr
2024-01-31,Jakarta Selatan,12777,Susu Kental Bendera 200gr
2024-01-31,Jakarta Selatan,11363,Susu Kental Enak 200gr
2024-01-31,Jakarta Selatan,16358,Margarin Blueband Cup
2024-01-31,Jakarta Selatan,10817,Margarin Blueband Sachet
2024-01-31,Jakarta Timur,13570,Beras IR I (IR 64)
2024-01-31,Jakarta Timur,13245,Beras IR II (IR 64) Ramos
2024-01-31,Jakarta Timur,13005,Beras IR III (IR 64)
2024-01-31,Jakarta Timur,13695,Beras Muncul I
2024-01-31,Jakarta Timur,14908,Beras IR 42/Pera
2024-01-31,Jakarta Timur,13949,Beras Setra I/Premium
2024-01-31,Jakarta Timur,15741,Minyak Goreng (Kuning/Curah)
2024-01-31,Jakarta Timur,70670,Cabe Merah Keriting
2024-01-31,Jakarta Timur,79469,Cabe Merah Besar (TW)
2024-01-31,Jakarta Timur,72112,Cabe Rawit Merah
2024-01-31,Jakarta Timur,45445,Cabe Rawit Hijau
2024-01-31,Jakarta Timur,37180,Bawang Merah
2024-01-31,Jakarta Timur,42098,Bawang Putih
2024-01-31,Jakarta Timur,144310,Daging Sapi Has (Paha Belakang)
2024-01-31,Jakarta Timur,137676,Daging Sapi Murni (Semur)
2024-01-31,Jakarta Timur,39084,Ayam Broiler/Ras
2024-01-31,Jakarta Timur,27003,Telur Ayam Ras
2024-01-31,Jakarta Timur,16388,Gula Pasir
2024-01-31,Jakarta Timur,10243,Tepung Terigu
2024-01-31,Jakarta Timur,3311,Garam Dapur
2024-01-31,Jakarta Timur,18024,Kentang (sedang)
2024-01-31,Jakarta Timur,20755,Tomat Buah
2024-01-31,Jakarta Timur,9616,Kelapa Kupas
2024-01-31,Jakarta Timur,10135,Semangka
2024-01-31,Jakarta Timur,26692,Jeruk Medan
2024-01-31,Jakarta Timur,146849,Daging Kambing
2024-01-31,Jakarta Timur,99443,Daging Babi Berlemak
2024-01-31,Jakarta Timur,41724,Ikan Bandeng (sedang)
2024-01-31,Jakarta Timur,37155,Ikan Mas
2024-01-31,Jakarta Timur,27469,Ikan Lele
2024-01-31,Jakarta Timur,20696,Gas Elpiji 3kg
2024-01-31,Jakarta Timur,45000,Susu Bubuk Bendera 400gr
2024-01-31,Jakarta Timur,45000,Susu Bubuk Dancow 400gr
2024-01-31,Jakarta Timur,11938,Susu Kental Bendera 200gr
2024-01-31,Jakarta Timur,10821,Susu Kental Enak 200gr
2024-01-31,Jakarta Timur,13466,Margarin Blueband Cup
2024-01-31,Jakarta Timur,9609,Margarin Blueband Sachet
2024-01-31,Jakarta Pusat,13721,Beras IR I (IR 64)
2024-01-31,Jakarta Pusat,13442,Beras IR II (IR 64) Ramos
2024-01-31,Jakarta Pusat,13155,Beras IR III (IR 64)
2024-01-31,Jakarta Pusat,14659,Beras Muncul I
2024-01-31,Jakarta Pusat,15033,Beras IR 42/Pera
2024-01-31,Jakarta Pusat,14925,Beras Setra I/Premium
2024-01-31,Jakarta Pusat,15889,Minyak Goreng (Kuning/Curah)
2024-01-31,Jakarta Pusat,72127,Cabe Merah Keriting
2024-01-31,Jakarta Pusat,79576,Cabe Merah Besar (TW)
2024-01-31,Jakarta Pusat,70631,Cabe Rawit Merah
2024-01-31,Jakarta Pusat,46328,Cabe Rawit Hijau
2024-01-31,Jakarta Pusat,40202,Bawang Merah
2024-01-31,Jakarta Pusat,41457,Bawang Putih
2024-01-31,Jakarta Pusat,143474,Daging Sapi Has (Paha Belakang)
2024-01-31,Jakarta Pusat,136281,Daging Sapi Murni (Semur)
2024-01-31,Jakarta Pusat,39533,Ayam Broiler/Ras
2024-01-31,Jakarta Pusat,27504,Telur Ayam Ras
2024-01-31,Jakarta Pusat,15963,Gula Pasir
2024-01-31,Jakarta Pusat,10446,Tepung Terigu
2024-01-31,Jakarta Pusat,3494,Garam Dapur
2024-01-31,Jakarta Pusat,19441,Kentang (sedang)
2024-01-31,Jakarta Pusat,25117,Tomat Buah
2024-01-31,Jakarta Pusat,9835,Kelapa Kupas
2024-01-31,Jakarta Pusat,12096,Semangka
2024-01-31,Jakarta Pusat,31710,Jeruk Medan
2024-01-31,Jakarta Pusat,144973,Daging Kambing
2024-01-31,Jakarta Pusat,121828,Daging Babi Berlemak
2024-01-31,Jakarta Pusat,41638,Ikan Bandeng (sedang)
2024-01-31,Jakarta Pusat,37902,Ikan Mas
2024-01-31,Jakarta Pusat,28353,Ikan Lele
2024-01-31,Jakarta Pusat,21252,Gas Elpiji 3kg
2024-01-31,Jakarta Pusat,45000,Susu Bubuk Bendera 400gr
2024-01-31,Jakarta Pusat,42821,Susu Bubuk Dancow 400gr
2024-01-31,Jakarta Pusat,11887,Susu Kental Bendera 200gr
2024-01-31,Jakarta Pusat,10407,Susu Kental Enak 200gr
2024-01-31,Jakarta Pusat,15515,Margarin Blueband Cup
2024-01-31,Jakarta Pusat,9799,Margarin Blueband Sachet
2024-01-31,Jakarta Utara,14179,Beras IR I (IR 64)
2024-01-31,Jakarta Utara,13403,Beras IR II (IR 64) Ramos
2024-01-31,Jakarta Utara,12684,Beras IR III (IR 64)
2024-01-31,Jakarta Utara,14872,Beras Muncul I
2024-01-31,Jakarta Utara,15734,Beras IR 42/Pera
2024-01-31,Jakarta Utara,14637,Beras Setra I/Premium
2024-01-31,Jakarta Utara,15327,Minyak Goreng (Kuning/Curah)
2024-05-31,Jakarta Timur,52460,Cabe Merah Keriting
2024-05-31,Jakarta Timur,73330,Cabe Merah Besar (TW)
2024-05-31,Jakarta Timur,47356,Cabe Rawit Merah
2024-05-31,Jakarta Timur,46766,Cabe Rawit Hijau
2024-05-31,Jakarta Timur,57232,Bawang Merah
2024-05-31,Jakarta Timur,46619,Bawang Putih
2024-05-31,Jakarta Timur,145215,Daging Sapi Has (Paha Belakang)
2024-05-31,Jakarta Timur,138307,Daging Sapi Murni (Semur)
2024-05-31,Jakarta Timur,40899,Ayam Broiler/Ras
2024-05-31,Jakarta Timur,29392,Telur Ayam Ras
2024-05-31,Jakarta Timur,17121,Gula Pasir
2024-05-31,Jakarta Timur,10959,Tepung Terigu
2024-05-31,Jakarta Timur,3413,Garam Dapur
2024-05-31,Jakarta Timur,18098,Kentang (sedang)
2024-05-31,Jakarta Timur,20558,Tomat Buah
2024-05-31,Jakarta Timur,10281,Kelapa Kupas
2024-05-31,Jakarta Timur,10509,Semangka
2024-05-31,Jakarta Timur,26056,Jeruk Medan
2024-05-31,Jakarta Timur,146354,Daging Kambing
2024-05-31,Jakarta Timur,101280,Daging Babi Berlemak
2024-05-31,Jakarta Timur,42169,Ikan Bandeng (sedang)
2024-05-31,Jakarta Timur,37947,Ikan Mas
2024-05-31,Jakarta Timur,28119,Ikan Lele
2024-05-31,Jakarta Timur,21003,Gas Elpiji 3kg
2024-05-31,Jakarta Timur,45387,Susu Bubuk Bendera 400gr
2024-05-31,Jakarta Timur,45064,Susu Bubuk Dancow 400gr
2024-05-31,Jakarta Timur,12434,Susu Kental Bendera 200gr
2024-05-31,Jakarta Timur,11389,Susu Kental Enak 200gr
2024-05-31,Jakarta Timur,13220,Margarin Blueband Cup
2024-05-31,Jakarta Timur,10654,Margarin Blueband Sachet
2024-06-30,Jakarta Pusat,13956,Beras IR I (IR 64)
2024-06-30,Jakarta Pusat,12942,Beras IR II (IR 64) Ramos
2024-06-30,Jakarta Pusat,14525,Beras IR III (IR 64)
2024-06-30,Jakarta Pusat,14433,Beras Muncul I
2024-06-30,Jakarta Pusat,14789,Beras IR 42/Pera
2024-06-30,Jakarta Pusat,16682,Beras Setra I/Premium
2024-06-30,Jakarta Pusat,16820,Minyak Goreng (Kuning/Curah)
2024-06-30,Jakarta Pusat,52384,Cabe Merah Keriting
2024-06-30,Jakarta Pusat,61929,Cabe Merah Besar (TW)
2024-06-30,Jakarta Pusat,47970,Cabe Rawit Merah
2024-06-30,Jakarta Pusat,48198,Cabe Rawit Hijau
2024-06-30,Jakarta Pusat,48907,Bawang Merah
2024-06-30,Jakarta Pusat,43526,Bawang Putih
2024-06-30,Jakarta Pusat,139519,Daging Sapi Has (Paha Belakang)
2024-06-30,Jakarta Pusat,138293,Daging Sapi Murni (Semur)
2024-06-30,Jakarta Pusat,41697,Ayam Broiler/Ras
2024-06-30,Jakarta Pusat,29471,Telur Ayam Ras
2024-06-30,Jakarta Pusat,17210,Gula Pasir
2024-06-30,Jakarta Pusat,10418,Tepung Terigu
2024-06-30,Jakarta Pusat,3242,Garam Dapur
2024-06-30,Jakarta Pusat,20210,Kentang (sedang)
2024-06-30,Jakarta Pusat,19232,Tomat Buah
2024-06-30,Jakarta Pusat,9622,Kelapa Kupas
2024-06-30,Jakarta Barat,14001,Beras IR II (IR 64) Ramos
2024-06-30,Jakarta Barat,13023,Beras IR III (IR 64)
2024-06-30,Jakarta Barat,16000,Beras Muncul I
2024-06-30,Jakarta Barat,15561,Beras IR 42/Pera
2024-06-30,Jakarta Barat,15022,Beras Setra I/Premium
2024-06-30,Jakarta Barat,17256,Minyak Goreng (Kuning/Curah)
2024-06-30,Jakarta Barat,51941,Cabe Merah Keriting
2024-06-30,Jakarta Barat,62067,Cabe Merah Besar (TW)
2024-06-30,Jakarta Barat,43751,Cabe Rawit Merah
2024-06-30,Jakarta Barat,51119,Cabe Rawit Hijau
2024-06-30,Jakarta Barat,46282,Bawang Merah
2024-06-30,Jakarta Barat,44292,Bawang Putih
2024-06-30,Jakarta Barat,144632,Daging Sapi Has (Paha Belakang)
2024-06-30,Jakarta Barat,137669,Daging Sapi Murni (Semur)
2024-06-30,Jakarta Barat,38019,Ayam Broiler/Ras
2024-06-30,Jakarta Barat,29046,Telur Ayam Ras
2024-06-30,Jakarta Barat,18985,Gula Pasir
2024-06-30,Jakarta Barat,11732,Tepung Terigu
2024-06-30,Jakarta Barat,4394,Garam Dapur
2024-06-30,Jakarta Barat,21677,Kentang (sedang)
2024-06-30,Jakarta Barat,17457,Tomat Buah
2024-06-30,Jakarta Barat,9361,Kelapa Kupas
2024-06-30,Jakarta Barat,11149,Semangka
2024-06-30,Jakarta Barat,26724,Jeruk Medan
2024-06-30,Jakarta Barat,150000,Daging Kambing
2024-06-30,Jakarta Barat,112191,Daging Babi Berlemak
2024-06-30,Jakarta Barat,42186,Ikan Bandeng (sedang)
2024-06-30,Jakarta Barat,38958,Ikan Mas
2024-06-30,Jakarta Barat,28967,Ikan Lele
2024-06-30,Jakarta Barat,22261,Gas Elpiji 3kg
2024-06-30,Jakarta Barat,28428,Susu Bubuk Bendera 400gr
2024-06-30,Jakarta Barat,45000,Susu Bubuk Dancow 400gr
2024-06-30,Jakarta Barat,13270,Susu Kental Bendera 200gr
2024-06-30,Jakarta Barat,12197,Susu Kental Enak 200gr
2024-06-30,Jakarta Barat,14944,Margarin Blueband Cup
2024-06-30,Jakarta Barat,9639,Margarin Blueband Sachet
2024-06-30,Jakarta Selatan,14357,Beras IR I (IR 64)
2024-06-30,Jakarta Selatan,14081,Beras IR II (IR 64) Ramos
2024-06-30,Jakarta Selatan,13147,Beras IR III (IR 64)
2024-06-30,Jakarta Selatan,16081,Beras Muncul I
2024-06-30,Jakarta Selatan,15126,Beras IR 42/Pera
2024-06-30,Jakarta Selatan,14680,Beras Setra I/Premium
2024-06-30,Jakarta Selatan,17076,Minyak Goreng (Kuning/Curah)
2024-06-30,Jakarta Selatan,54357,Cabe Merah Keriting
2024-06-30,Jakarta Selatan,69960,Cabe Merah Besar (TW)
2024-06-30,Jakarta Selatan,45402,Cabe Rawit Merah
2024-06-30,Jakarta Selatan,53359,Cabe Rawit Hijau
2024-06-30,Jakarta Selatan,46955,Bawang Merah
2024-06-30,Jakarta Selatan,47150,Bawang Putih
2024-06-30,Jakarta Selatan,139143,Daging Sapi Has (Paha Belakang)
2024-06-30,Jakarta Selatan,136662,Daging Sapi Murni (Semur)
2024-06-30,Jakarta Selatan,42064,Ayam Broiler/Ras
2024-06-30,Jakarta Pusat,12056,Semangka
2024-06-30,Jakarta Pusat,32725,Jeruk Medan
2024-06-30,Jakarta Pusat,141763,Daging Kambing
2024-06-30,Jakarta Pusat,106222,Daging Babi Berlemak
2024-06-30,Jakarta Pusat,43208,Ikan Bandeng (sedang)
2024-06-30,Jakarta Pusat,39256,Ikan Mas
2024-06-30,Jakarta Pusat,26259,Ikan Lele
2024-06-30,Jakarta Pusat,20958,Gas Elpiji 3kg
2024-06-30,Jakarta Pusat,45000,Susu Bubuk Bendera 400gr
2024-06-30,Jakarta Pusat,42000,Susu Bubuk Dancow 400gr
2024-06-30,Jakarta Pusat,12508,Susu Kental Bendera 200gr
2024-06-30,Jakarta Pusat,10715,Susu Kental Enak 200gr
2024-06-30,Jakarta Pusat,15200,Margarin Blueband Cup
2024-06-30,Jakarta Pusat,10099,Margarin Blueband Sachet
2024-06-30,Jakarta Utara,14660,Beras IR I (IR 64)
2024-06-30,Jakarta Utara,15958,Beras IR II (IR 64) Ramos
2024-06-30,Jakarta Utara,12972,Beras IR III (IR 64)
2024-06-30,Jakarta Utara,15522,Beras Muncul I
2024-06-30,Jakarta Utara,15231,Beras IR 42/Pera
2024-06-30,Jakarta Utara,16162,Beras Setra I/Premium
2024-06-30,Jakarta Utara,16706,Minyak Goreng (Kuning/Curah)
2024-06-30,Jakarta Utara,59259,Cabe Merah Keriting
2024-06-30,Jakarta Utara,68158,Cabe Merah Besar (TW)
2024-06-30,Jakarta Utara,51826,Cabe Rawit Merah
2024-06-30,Jakarta Utara,54180,Cabe Rawit Hijau
2024-06-30,Jakarta Utara,54084,Bawang Merah
2024-06-30,Jakarta Utara,46578,Bawang Putih
2024-06-30,Jakarta Utara,146861,Daging Sapi Has (Paha Belakang)
2024-06-30,Jakarta Utara,144308,Daging Sapi Murni (Semur)
2024-06-30,Jakarta Utara,42475,Ayam Broiler/Ras
2024-06-30,Jakarta Utara,30288,Telur Ayam Ras
2024-06-30,Jakarta Utara,18075,Gula Pasir
2024-06-30,Jakarta Utara,11606,Tepung Terigu
2024-06-30,Jakarta Utara,3884,Garam Dapur
2024-06-30,Jakarta Utara,22265,Kentang (sedang)
2024-06-30,Jakarta Utara,20226,Tomat Buah
2024-06-30,Jakarta Utara,10547,Kelapa Kupas
2024-06-30,Jakarta Utara,12819,Semangka
2024-06-30,Jakarta Utara,37016,Jeruk Medan
2024-06-30,Jakarta Utara,141293,Daging Kambing
2024-06-30,Jakarta Utara,105374,Daging Babi Berlemak
2024-06-30,Jakarta Utara,43777,Ikan Bandeng (sedang)
2024-06-30,Jakarta Utara,38938,Ikan Mas
2024-06-30,Jakarta Utara,29861,Ikan Lele
2024-06-30,Jakarta Utara,21190,Gas Elpiji 3kg
2024-06-30,Jakarta Utara,46977,Susu Bubuk Bendera 400gr
2024-06-30,Jakarta Utara,50132,Susu Bubuk Dancow 400gr
2024-06-30,Jakarta Utara,15799,Susu Kental Bendera 200gr
2024-06-30,Jakarta Utara,11927,Susu Kental Enak 200gr
2024-06-30,Jakarta Utara,17641,Margarin Blueband Cup
2024-06-30,Jakarta Utara,12356,Margarin Blueband Sachet
2024-06-30,Jakarta Barat,14899,Beras IR I (IR 64)
2024-04-30,Jakarta Selatan,20957,Kentang (sedang)
2024-04-30,Jakarta Selatan,26946,Tomat Buah
2024-04-30,Jakarta Selatan,10145,Kelapa Kupas
2024-04-30,Jakarta Selatan,12239,Semangka
2024-04-30,Jakarta Selatan,30838,Jeruk Medan
2024-04-30,Jakarta Selatan,149935,Daging Kambing
2024-04-30,Jakarta Selatan,138466,Daging Babi Berlemak
2024-04-30,Jakarta Selatan,39977,Ikan Bandeng (sedang)
2024-04-30,Jakarta Selatan,39402,Ikan Mas
2024-04-30,Jakarta Selatan,29052,Ikan Lele
2024-04-30,Jakarta Selatan,20640,Gas Elpiji 3kg
2024-04-30,Jakarta Selatan,23500,Susu Bubuk Bendera 400gr
2024-04-30,Jakarta Selatan,46868,Susu Bubuk Dancow 400gr
2024-04-30,Jakarta Selatan,12665,Susu Kental Bendera 200gr
2024-04-30,Jakarta Selatan,11723,Susu Kental Enak 200gr
2024-04-30,Jakarta Selatan,16643,Margarin Blueband Cup
2024-04-30,Jakarta Selatan,10799,Margarin Blueband Sachet
2024-04-30,Jakarta Timur,14528,Beras IR I (IR 64)
2024-04-30,Jakarta Timur,14225,Beras IR II (IR 64) Ramos
2024-04-30,Jakarta Timur,13928,Beras IR III (IR 64)
2024-04-30,Jakarta Timur,15440,Beras Muncul I
2024-04-30,Jakarta Timur,15503,Beras IR 42/Pera
2024-04-30,Jakarta Timur,15835,Beras Setra I/Premium
2024-04-30,Jakarta Timur,16392,Minyak Goreng (Kuning/Curah)
2024-04-30,Jakarta Timur,50172,Cabe Merah Keriting
2024-04-30,Jakarta Timur,71719,Cabe Merah Besar (TW)
2024-04-30,Jakarta Timur,51958,Cabe Rawit Merah
2024-04-30,Jakarta Timur,47120,Cabe Rawit Hijau
2024-04-30,Jakarta Timur,53714,Bawang Merah
2024-04-30,Jakarta Timur,45117,Bawang Putih
2024-04-30,Jakarta Timur,145546,Daging Sapi Has (Paha Belakang)
2024-04-30,Jakarta Timur,139301,Daging Sapi Murni (Semur)
2024-04-30,Jakarta Timur,40928,Ayam Broiler/Ras
2024-04-30,Jakarta Timur,29474,Telur Ayam Ras
2024-04-30,Jakarta Timur,16653,Gula Pasir
2024-04-30,Jakarta Timur,10495,Tepung Terigu
2024-04-30,Jakarta Timur,3350,Garam Dapur
2024-04-30,Jakarta Timur,18658,Kentang (sedang)
2024-04-30,Jakarta Timur,22653,Tomat Buah
2024-04-30,Jakarta Timur,10060,Kelapa Kupas
2024-04-30,Jakarta Timur,10412,Semangka
2024-04-30,Jakarta Timur,27073,Jeruk Medan
2024-04-30,Jakarta Timur,144914,Daging Kambing
2024-04-30,Jakarta Timur,98471,Daging Babi Berlemak
2024-04-30,Jakarta Timur,41938,Ikan Bandeng (sedang)
2024-04-30,Jakarta Timur,37989,Ikan Mas
2024-04-30,Jakarta Timur,27827,Ikan Lele
2024-04-30,Jakarta Timur,20745,Gas Elpiji 3kg
2024-04-30,Jakarta Timur,44693,Susu Bubuk Bendera 400gr
2024-04-30,Jakarta Timur,45340,Susu Bubuk Dancow 400gr
2024-04-30,Jakarta Timur,12280,Susu Kental Bendera 200gr
2024-04-30,Jakarta Timur,11177,Susu Kental Enak 200gr
2024-04-30,Jakarta Timur,13299,Margarin Blueband Cup
2024-04-30,Jakarta Timur,10239,Margarin Blueband Sachet
2024-05-31,Jakarta Pusat,14849,Beras IR I (IR 64)
2024-05-31,Jakarta Pusat,14279,Beras IR II (IR 64) Ramos
2024-05-31,Jakarta Pusat,13693,Beras IR III (IR 64)
2024-05-31,Jakarta Pusat,14185,Beras Muncul I
2024-05-31,Jakarta Pusat,14943,Beras IR 42/Pera
2024-05-31,Jakarta Pusat,14413,Beras Setra I/Premium
2024-05-31,Jakarta Pusat,17403,Minyak Goreng (Kuning/Curah)
2024-05-31,Jakarta Pusat,54223,Cabe Merah Keriting
2024-05-31,Jakarta Pusat,72282,Cabe Merah Besar (TW)
2024-05-31,Jakarta Pusat,45766,Cabe Rawit Merah
2024-05-31,Jakarta Pusat,54203,Cabe Rawit Hijau
2024-05-31,Jakarta Pusat,59819,Bawang Merah
2024-05-31,Jakarta Pusat,48067,Bawang Putih
2024-05-31,Jakarta Pusat,144274,Daging Sapi Has (Paha Belakang)
2024-05-31,Jakarta Pusat,138048,Daging Sapi Murni (Semur)
2024-05-31,Jakarta Pusat,41349,Ayam Broiler/Ras
2024-05-31,Jakarta Pusat,29675,Telur Ayam Ras
2024-05-31,Jakarta Pusat,15868,Gula Pasir
2024-05-31,Jakarta Pusat,11429,Tepung Terigu
2024-05-31,Jakarta Pusat,3733,Garam Dapur
2024-05-31,Jakarta Pusat,19757,Kentang (sedang)
2024-05-31,Jakarta Pusat,25807,Tomat Buah
2024-05-31,Jakarta Pusat,10519,Kelapa Kupas
2024-05-31,Jakarta Pusat,11389,Semangka
2024-05-31,Jakarta Pusat,31000,Jeruk Medan
2024-05-31,Jakarta Pusat,142957,Daging Kambing
2024-05-31,Jakarta Pusat,121236,Daging Babi Berlemak
2024-05-31,Jakarta Pusat,46572,Ikan Bandeng (sedang)
2024-05-31,Jakarta Pusat,37618,Ikan Mas
2024-05-31,Jakarta Pusat,27102,Ikan Lele
2024-05-31,Jakarta Pusat,22185,Gas Elpiji 3kg
2024-05-31,Jakarta Pusat,43080,Susu Bubuk Bendera 400gr
2024-05-31,Jakarta Pusat,40880,Susu Bubuk Dancow 400gr
2024-05-31,Jakarta Pusat,12519,Susu Kental Bendera 200gr
2024-05-31,Jakarta Pusat,10395,Susu Kental Enak 200gr
2024-05-31,Jakarta Pusat,15161,Margarin Blueband Cup
2024-05-31,Jakarta Pusat,10328,Margarin Blueband Sachet
2024-05-31,Jakarta Utara,15712,Beras IR I (IR 64)
2024-05-31,Jakarta Utara,15030,Beras IR II (IR 64) Ramos
2024-05-31,Jakarta Utara,14147,Beras IR III (IR 64)
2024-05-31,Jakarta Utara,16181,Beras Muncul I
2024-05-31,Jakarta Utara,17835,Beras IR 42/Pera
2024-05-31,Jakarta Utara,16562,Beras Setra I/Premium
2024-05-31,Jakarta Utara,18227,Minyak Goreng (Kuning/Curah)
2024-05-31,Jakarta Utara,58345,Cabe Merah Keriting
2024-05-31,Jakarta Utara,71521,Cabe Merah Besar (TW)
2024-05-31,Jakarta Utara,54357,Cabe Rawit Merah
2024-05-31,Jakarta Utara,51881,Cabe Rawit Hijau
2024-05-31,Jakarta Utara,61226,Bawang Merah
2024-05-31,Jakarta Utara,47968,Bawang Putih
2024-05-31,Jakarta Utara,150889,Daging Sapi Has (Paha Belakang)
2024-05-31,Jakarta Utara,145138,Daging Sapi Murni (Semur)
2024-05-31,Jakarta Utara,44567,Ayam Broiler/Ras
2024-05-31,Jakarta Utara,31892,Telur Ayam Ras
2024-05-31,Jakarta Utara,19260,Gula Pasir
2024-05-31,Jakarta Utara,11816,Tepung Terigu
2024-05-31,Jakarta Utara,3578,Garam Dapur
2024-05-31,Jakarta Utara,22214,Kentang (sedang)
2024-05-31,Jakarta Utara,23969,Tomat Buah
2024-05-31,Jakarta Utara,10478,Kelapa Kupas
2024-05-31,Jakarta Utara,13027,Semangka
2024-05-31,Jakarta Utara,37013,Jeruk Medan
2024-05-31,Jakarta Utara,132678,Daging Kambing
2024-05-31,Jakarta Utara,114314,Daging Babi Berlemak
2024-05-31,Jakarta Utara,41856,Ikan Bandeng (sedang)
2024-05-31,Jakarta Utara,37352,Ikan Mas
2024-05-31,Jakarta Utara,28793,Ikan Lele
2024-05-31,Jakarta Utara,20500,Gas Elpiji 3kg
2024-05-31,Jakarta Utara,47500,Susu Bubuk Bendera 400gr
2024-05-31,Jakarta Utara,50033,Susu Bubuk Dancow 400gr
2024-05-31,Jakarta Utara,15123,Susu Kental Bendera 200gr
2024-05-31,Jakarta Utara,11079,Susu Kental Enak 200gr
2024-05-31,Jakarta Utara,18350,Margarin Blueband Cup
2024-05-31,Jakarta Utara,12591,Margarin Blueband Sachet
2024-05-31,Jakarta Barat,14778,Beras IR I (IR 64)
2024-05-31,Jakarta Barat,13900,Beras IR II (IR 64) Ramos
2024-05-31,Jakarta Barat,12942,Beras IR III (IR 64)
2024-05-31,Jakarta Barat,16000,Beras Muncul I
2024-05-31,Jakarta Barat,15601,Beras IR 42/Pera
2024-05-31,Jakarta Barat,14876,Beras Setra I/Premium
2024-05-31,Jakarta Barat,17411,Minyak Goreng (Kuning/Curah)
2024-05-31,Jakarta Barat,50658,Cabe Merah Keriting
2024-05-31,Jakarta Barat,67240,Cabe Merah Besar (TW)
2024-05-31,Jakarta Barat,41641,Cabe Rawit Merah
2024-05-31,Jakarta Barat,45565,Cabe Rawit Hijau
2024-05-31,Jakarta Barat,57680,Bawang Merah
2024-05-31,Jakarta Barat,47058,Bawang Putih
2024-05-31,Jakarta Barat,144255,Daging Sapi Has (Paha Belakang)
2024-05-31,Jakarta Barat,137618,Daging Sapi Murni (Semur)
2024-05-31,Jakarta Barat,41147,Ayam Broiler/Ras
2024-05-31,Jakarta Barat,30598,Telur Ayam Ras
2024-05-31,Jakarta Barat,19308,Gula Pasir
2024-05-31,Jakarta Barat,11724,Tepung Terigu
2024-05-31,Jakarta Barat,4153,Garam Dapur
2024-05-31,Jakarta Barat,19135,Kentang (sedang)
2024-05-31,Jakarta Barat,23799,Tomat Buah
2024-05-31,Jakarta Barat,8997,Kelapa Kupas
2024-05-31,Jakarta Barat,10806,Semangka
2024-05-31,Jakarta Barat,26564,Jeruk Medan
2024-05-31,Jakarta Barat,150000,Daging Kambing
2024-05-31,Jakarta Barat,112962,Daging Babi Berlemak
2024-05-31,Jakarta Barat,41479,Ikan Bandeng (sedang)
2024-05-31,Jakarta Barat,38775,Ikan Mas
2024-05-31,Jakarta Selatan,11617,Susu Kental Enak 200gr
2024-05-31,Jakarta Selatan,16901,Margarin Blueband Cup
2024-05-31,Jakarta Selatan,10993,Margarin Blueband Sachet
2024-05-31,Jakarta Timur,14112,Beras IR I (IR 64)
2024-05-31,Jakarta Timur,13634,Beras IR II (IR 64) Ramos
2024-05-31,Jakarta Timur,13060,Beras IR III (IR 64)
2024-05-31,Jakarta Timur,14774,Beras Muncul I
2024-05-31,Jakarta Timur,14831,Beras IR 42/Pera
2024-05-31,Jakarta Timur,15548,Beras Setra I/Premium
2024-05-31,Jakarta Timur,16672,Minyak Goreng (Kuning/Curah)
2024-05-31,Jakarta Barat,29112,Ikan Lele
2024-05-31,Jakarta Barat,22424,Gas Elpiji 3kg
2024-05-31,Jakarta Barat,29050,Susu Bubuk Bendera 400gr
2024-05-31,Jakarta Barat,44407,Susu Bubuk Dancow 400gr
2024-05-31,Jakarta Barat,13432,Susu Kental Bendera 200gr
2024-05-31,Jakarta Barat,12251,Susu Kental Enak 200gr
2024-05-31,Jakarta Barat,14118,Margarin Blueband Cup
2024-05-31,Jakarta Barat,10146,Margarin Blueband Sachet
2024-05-31,Jakarta Selatan,14620,Beras IR I (IR 64)
2024-05-31,Jakarta Selatan,14042,Beras IR II (IR 64) Ramos
2024-05-31,Jakarta Selatan,13439,Beras IR III (IR 64)
2024-05-31,Jakarta Selatan,15643,Beras Muncul I
2024-05-31,Jakarta Selatan,15199,Beras IR 42/Pera
2024-05-31,Jakarta Selatan,14988,Beras Setra I/Premium
2024-05-31,Jakarta Selatan,16860,Minyak Goreng (Kuning/Curah)
2024-05-31,Jakarta Selatan,56669,Cabe Merah Keriting
2024-05-31,Jakarta Selatan,73165,Cabe Merah Besar (TW)
2024-05-31,Jakarta Selatan,49631,Cabe Rawit Merah
2024-05-31,Jakarta Selatan,49806,Cabe Rawit Hijau
2024-05-31,Jakarta Selatan,57840,Bawang Merah
2024-05-31,Jakarta Selatan,50338,Bawang Putih
2024-05-31,Jakarta Selatan,140658,Daging Sapi Has (Paha Belakang)
2024-05-31,Jakarta Selatan,137673,Daging Sapi Murni (Semur)
2024-05-31,Jakarta Selatan,42500,Ayam Broiler/Ras
2024-05-31,Jakarta Selatan,29784,Telur Ayam Ras
2024-05-31,Jakarta Selatan,17369,Gula Pasir
2024-05-31,Jakarta Selatan,11380,Tepung Terigu
2024-05-31,Jakarta Selatan,3679,Garam Dapur
2024-05-31,Jakarta Selatan,20671,Kentang (sedang)
2024-05-31,Jakarta Selatan,25636,Tomat Buah
2024-05-31,Jakarta Selatan,10416,Kelapa Kupas
2024-05-31,Jakarta Selatan,12617,Semangka
2024-05-31,Jakarta Selatan,30981,Jeruk Medan
2024-05-31,Jakarta Selatan,146587,Daging Kambing
2024-05-31,Jakarta Selatan,140000,Daging Babi Berlemak
2024-05-31,Jakarta Selatan,40840,Ikan Bandeng (sedang)
2024-05-31,Jakarta Selatan,40053,Ikan Mas
2024-05-31,Jakarta Selatan,29279,Ikan Lele
2024-05-31,Jakarta Selatan,21440,Gas Elpiji 3kg
2024-05-31,Jakarta Selatan,47400,Susu Bubuk Dancow 400gr
2024-05-31,Jakarta Selatan,12980,Susu Kental Bendera 200gr
2024-06-30,Jakarta Selatan,29168,Telur Ayam Ras
2024-06-30,Jakarta Selatan,18275,Gula Pasir
2024-06-30,Jakarta Selatan,11088,Tepung Terigu
2024-06-30,Jakarta Selatan,4001,Garam Dapur
2024-06-30,Jakarta Selatan,22224,Kentang (sedang)
2024-06-30,Jakarta Selatan,19689,Tomat Buah
2024-06-30,Jakarta Selatan,10243,Kelapa Kupas
2024-06-30,Jakarta Selatan,12562,Semangka
2024-06-30,Jakarta Selatan,32972,Jeruk Medan
2024-06-30,Jakarta Selatan,149282,Daging Kambing
2024-06-30,Jakarta Selatan,136250,Daging Babi Berlemak
2024-06-30,Jakarta Selatan,39302,Ikan Bandeng (sedang)
2024-06-30,Jakarta Selatan,38880,Ikan Mas
2024-06-30,Jakarta Selatan,28325,Ikan Lele
2024-06-30,Jakarta Selatan,21366,Gas Elpiji 3kg
2024-06-30,Jakarta Selatan,0,Susu Bubuk Bendera 400gr
2024-06-30,Jakarta Selatan,42908,Susu Bubuk Dancow 400gr
2024-06-30,Jakarta Selatan,13597,Susu Kental Bendera 200gr
2024-06-30,Jakarta Selatan,11563,Susu Kental Enak 200gr
2024-06-30,Jakarta Selatan,16851,Margarin Blueband Cup
2024-06-30,Jakarta Selatan,10865,Margarin Blueband Sachet
2024-06-30,Jakarta Timur,14273,Beras IR I (IR 64)
2024-06-30,Jakarta Timur,13609,Beras IR II (IR 64) Ramos
2024-06-30,Jakarta Timur,12566,Beras IR III (IR 64)
2024-06-30,Jakarta Timur,14404,Beras Muncul I
2024-06-30,Jakarta Timur,14593,Beras IR 42/Pera
2024-06-30,Jakarta Timur,15485,Beras Setra I/Premium
2024-06-30,Jakarta Timur,17073,Minyak Goreng (Kuning/Curah)
2024-06-30,Jakarta Timur,55938,Cabe Merah Keriting
2024-06-30,Jakarta Timur,70885,Cabe Merah Besar (TW)
2024-06-30,Jakarta Timur,46325,Cabe Rawit Merah
2024-06-30,Jakarta Timur,49027,Cabe Rawit Hijau
2024-06-30,Jakarta Timur,46066,Bawang Merah
2024-06-30,Jakarta Timur,47130,Bawang Putih
2024-06-30,Jakarta Timur,143076,Daging Sapi Has (Paha Belakang)
2024-06-30,Jakarta Timur,136812,Daging Sapi Murni (Semur)
2024-06-30,Jakarta Timur,41874,Ayam Broiler/Ras
2024-06-30,Jakarta Timur,28562,Telur Ayam Ras
2024-06-30,Jakarta Timur,17606,Gula Pasir
2024-06-30,Jakarta Timur,10143,Tepung Terigu
2024-06-30,Jakarta Timur,3219,Garam Dapur
2024-06-30,Jakarta Timur,20561,Kentang (sedang)
2024-06-30,Jakarta Timur,16514,Tomat Buah
2024-06-30,Jakarta Timur,9874,Kelapa Kupas
2024-06-30,Jakarta Timur,11281,Semangka
2024-06-30,Jakarta Timur,27492,Jeruk Medan
2024-06-30,Jakarta Timur,148458,Daging Kambing
2024-06-30,Jakarta Timur,93084,Daging Babi Berlemak
2024-06-30,Jakarta Timur,42082,Ikan Bandeng (sedang)
2024-06-30,Jakarta Timur,38034,Ikan Mas
2024-06-30,Jakarta Timur,28116,Ikan Lele
2024-06-30,Jakarta Timur,21340,Gas Elpiji 3kg
2024-06-30,Jakarta Timur,44687,Susu Bubuk Bendera 400gr
2024-06-30,Jakarta Timur,44636,Susu Bubuk Dancow 400gr
2024-06-30,Jakarta Timur,12267,Susu Kental Bendera 200gr
2024-06-30,Jakarta Timur,11418,Susu Kental Enak 200gr
2024-06-30,Jakarta Timur,13973,Margarin Blueband Cup
2024-06-30,Jakarta Timur,10150,Margarin Blueband Sachet
2024-07-31,Jakarta Pusat,14234,Beras IR I (IR 64)
2024-07-31,Jakarta Pusat,13003,Beras IR II (IR 64) Ramos
2024-07-31,Jakarta Pusat,12795,Beras IR III (IR 64)
2024-07-31,Jakarta Pusat,14516,Beras Muncul I
2024-07-31,Jakarta Pusat,15415,Beras IR 42/Pera
2024-07-31,Jakarta Pusat,15553,Beras Setra I/Premium
2024-07-31,Jakarta Pusat,17075,Minyak Goreng (Kuning/Curah)
2024-07-31,Jakarta Pusat,48901,Cabe Merah Keriting
2024-07-31,Jakarta Pusat,55036,Cabe Merah Besar (TW)
2024-07-31,Jakarta Pusat,65711,Cabe Rawit Merah
2024-07-31,Jakarta Pusat,57397,Cabe Rawit Hijau
2024-07-31,Jakarta Pusat,39431,Bawang Merah
2024-07-31,Jakarta Pusat,43505,Bawang Putih
2024-07-31,Jakarta Pusat,140449,Daging Sapi Has (Paha Belakang)
2024-07-31,Jakarta Pusat,136674,Daging Sapi Murni (Semur)
2024-07-31,Jakarta Pusat,40997,Ayam Broiler/Ras
2024-07-31,Jakarta Pusat,28231,Telur Ayam Ras
2024-07-31,Jakarta Pusat,17131,Gula Pasir
2024-07-31,Jakarta Pusat,10208,Tepung Terigu
2024-07-31,Jakarta Pusat,3036,Garam Dapur
2024-07-31,Jakarta Pusat,21101,Kentang (sedang)
2024-07-31,Jakarta Pusat,13747,Tomat Buah
2024-07-31,Jakarta Pusat,9304,Kelapa Kupas
2024-07-31,Jakarta Pusat,12199,Semangka
2024-07-31,Jakarta Pusat,32533,Jeruk Medan
2024-07-31,Jakarta Pusat,142311,Daging Kambing
2024-07-31,Jakarta Pusat,105161,Daging Babi Berlemak
2024-07-31,Jakarta Pusat,40994,Ikan Bandeng (sedang)
2024-07-31,Jakarta Pusat,39583,Ikan Mas
2024-07-31,Jakarta Pusat,26741,Ikan Lele
2024-07-31,Jakarta Pusat,20870,Gas Elpiji 3kg
2024-07-31,Jakarta Pusat,45000,Susu Bubuk Bendera 400gr
2024-07-31,Jakarta Pusat,42000,Susu Bubuk Dancow 400gr
2024-07-31,Jakarta Pusat,12664,Susu Kental Bendera 200gr
2024-07-31,Jakarta Pusat,11064,Susu Kental Enak 200gr
2024-07-31,Jakarta Pusat,15103,Margarin Blueband Cup
2024-07-31,Jakarta Pusat,10329,Margarin Blueband Sachet
2024-07-31,Jakarta Utara,14962,Beras IR I (IR 64)
2024-07-31,Jakarta Utara,14388,Beras IR II (IR 64) Ramos
2024-07-31,Jakarta Utara,13569,Beras IR III (IR 64)
2024-07-31,Jakarta Utara,15477,Beras Muncul I
2024-07-31,Jakarta Utara,15505,Beras IR 42/Pera
2024-07-31,Jakarta Utara,16259,Beras Setra I/Premium
2024-07-31,Jakarta Utara,16905,Minyak Goreng (Kuning/Curah)
2024-07-31,Jakarta Utara,56239,Cabe Merah Keriting
2024-07-31,Jakarta Utara,63010,Cabe Merah Besar (TW)
2024-07-31,Jakarta Utara,67069,Cabe Rawit Merah
2024-07-31,Jakarta Utara,61330,Cabe Rawit Hijau
2024-07-31,Jakarta Utara,41181,Bawang Merah
2024-07-31,Jakarta Utara,43655,Bawang Putih
2024-07-31,Jakarta Utara,146908,Daging Sapi Has (Paha Belakang)
2024-07-31,Jakarta Utara,143971,Daging Sapi Murni (Semur)
2024-07-31,Jakarta Utara,42674,Ayam Broiler/Ras
2024-07-31,Jakarta Utara,28861,Telur Ayam Ras
2024-07-31,Jakarta Utara,17495,Gula Pasir
2024-07-31,Jakarta Utara,11551,Tepung Terigu
2024-07-31,Jakarta Utara,5199,Garam Dapur
2024-07-31,Jakarta Utara,23470,Kentang (sedang)
2024-07-31,Jakarta Utara,14965,Tomat Buah
2024-07-31,Jakarta Utara,10599,Kelapa Kupas
2024-07-31,Jakarta Utara,12454,Semangka
2024-07-31,Jakarta Utara,34701,Jeruk Medan
2024-07-31,Jakarta Utara,141532,Daging Kambing
2024-07-31,Jakarta Utara,105295,Daging Babi Berlemak
2024-07-31,Jakarta Utara,42748,Ikan Bandeng (sedang)
2024-07-31,Jakarta Utara,37339,Ikan Mas
2024-07-31,Jakarta Utara,29822,Ikan Lele
2024-07-31,Jakarta Utara,21467,Gas Elpiji 3kg
2024-07-31,Jakarta Utara,45306,Susu Bubuk Bendera 400gr
2024-07-31,Jakarta Utara,53484,Susu Bubuk Dancow 400gr
2024-07-31,Jakarta Utara,14184,Susu Kental Bendera 200gr
2024-07-31,Jakarta Utara,11307,Susu Kental Enak 200gr
2024-07-31,Jakarta Utara,17877,Margarin Blueband Cup
2024-07-31,Jakarta Utara,11392,Margarin Blueband Sachet
2024-07-31,Jakarta Barat,15266,Beras IR I (IR 64)
2024-07-31,Jakarta Barat,14217,Beras IR II (IR 64) Ramos
2024-07-31,Jakarta Barat,13236,Beras IR III (IR 64)
2024-07-31,Jakarta Barat,15655,Beras Muncul I
2024-07-31,Jakarta Barat,15544,Beras IR 42/Pera
2024-07-31,Jakarta Barat,16176,Beras Setra I/Premium
2024-07-31,Jakarta Barat,17487,Minyak Goreng (Kuning/Curah)
2024-07-31,Jakarta Barat,45513,Cabe Merah Keriting
2024-07-31,Jakarta Barat,51936,Cabe Merah Besar (TW)
2024-07-31,Jakarta Barat,67359,Cabe Rawit Merah
2024-07-31,Jakarta Barat,64536,Cabe Rawit Hijau
2024-07-31,Jakarta Barat,36139,Bawang Merah
2024-07-31,Jakarta Barat,41691,Bawang Putih
2024-07-31,Jakarta Barat,146099,Daging Sapi Has (Paha Belakang)
2024-07-31,Jakarta Barat,138513,Daging Sapi Murni (Semur)
2024-07-31,Jakarta Barat,37916,Ayam Broiler/Ras
2024-07-31,Jakarta Barat,29488,Telur Ayam Ras
2024-07-31,Jakarta Barat,18661,Gula Pasir
2024-07-31,Jakarta Barat,11363,Tepung Terigu
2024-07-31,Jakarta Barat,4488,Garam Dapur
2024-07-31,Jakarta Barat,22765,Kentang (sedang)
2024-07-31,Jakarta Barat,11910,Tomat Buah
2024-07-31,Jakarta Barat,8822,Kelapa Kupas
2024-07-31,Jakarta Barat,11161,Semangka
2024-07-31,Jakarta Barat,27134,Jeruk Medan
2024-07-31,Jakarta Barat,150000,Daging Kambing
2024-07-31,Jakarta Barat,114118,Daging Babi Berlemak
2024-07-31,Jakarta Barat,42795,Ikan Bandeng (sedang)
2024-07-31,Jakarta Barat,39059,Ikan Mas
2024-07-31,Jakarta Barat,29267,Ikan Lele
2024-07-31,Jakarta Barat,24129,Gas Elpiji 3kg
2024-07-31,Jakarta Barat,31903,Susu Bubuk Bendera 400gr
2024-07-31,Jakarta Barat,45000,Susu Bubuk Dancow 400gr
2024-07-31,Jakarta Barat,13254,Susu Kental Bendera 200gr
2024-07-31,Jakarta Barat,12172,Susu Kental Enak 200gr
2024-07-31,Jakarta Barat,15631,Margarin Blueband Cup
2024-07-31,Jakarta Barat,9775,Margarin Blueband Sachet
2024-07-31,Jakarta Selatan,14174,Beras IR I (IR 64)
2024-07-31,Jakarta Selatan,14284,Beras IR II (IR 64) Ramos
2024-07-31,Jakarta Selatan,13246,Beras IR III (IR 64)
2024-07-31,Jakarta Selatan,18585,Beras Muncul I
2024-07-31,Jakarta Selatan,15385,Beras IR 42/Pera
2024-07-31,Jakarta Selatan,14503,Beras Setra I/Premium
2024-07-31,Jakarta Selatan,17131,Minyak Goreng (Kuning/Curah)
2024-07-31,Jakarta Selatan,48214,Cabe Merah Keriting
2024-07-31,Jakarta Selatan,61325,Cabe Merah Besar (TW)
2024-07-31,Jakarta Selatan,67665,Cabe Rawit Merah
2024-07-31,Jakarta Selatan,62358,Cabe Rawit Hijau
2024-07-31,Jakarta Selatan,35282,Bawang Merah
2024-07-31,Jakarta Selatan,43953,Bawang Putih
2024-07-31,Jakarta Selatan,138395,Daging Sapi Has (Paha Belakang)
2024-07-31,Jakarta Selatan,136334,Daging Sapi Murni (Semur)
2024-07-31,Jakarta Selatan,41203,Ayam Broiler/Ras
2024-07-31,Jakarta Selatan,28759,Telur Ayam Ras
2024-07-31,Jakarta Selatan,18063,Gula Pasir
2024-07-31,Jakarta Selatan,10447,Tepung Terigu
2024-07-31,Jakarta Selatan,4350,Garam Dapur
2024-07-31,Jakarta Selatan,23505,Kentang (sedang)
2024-07-31,Jakarta Selatan,13252,Tomat Buah
2024-07-31,Jakarta Selatan,9819,Kelapa Kupas
2024-07-31,Jakarta Selatan,12335,Semangka
2024-07-31,Jakarta Selatan,32853,Jeruk Medan
2024-07-31,Jakarta Selatan,148773,Daging Kambing
2024-07-31,Jakarta Selatan,135806,Daging Babi Berlemak
2024-07-31,Jakarta Selatan,39174,Ikan Bandeng (sedang)
2024-07-31,Jakarta Selatan,38579,Ikan Mas
2024-07-31,Jakarta Selatan,29009,Ikan Lele
2024-07-31,Jakarta Selatan,21032,Gas Elpiji 3kg
2024-07-31,Jakarta Selatan,0,Susu Bubuk Bendera 400gr
2024-07-31,Jakarta Selatan,51129,Susu Bubuk Dancow 400gr
2024-07-31,Jakarta Selatan,12876,Susu Kental Bendera 200gr
2024-07-31,Jakarta Selatan,11450,Susu Kental Enak 200gr
2024-07-31,Jakarta Selatan,17282,Margarin Blueband Cup
2024-07-31,Jakarta Selatan,10351,Margarin Blueband Sachet
2024-07-31,Jakarta Timur,14908,Beras IR I (IR 64)
2024-07-31,Jakarta Timur,14269,Beras IR II (IR 64) Ramos
2024-07-31,Jakarta Timur,12817,Beras IR III (IR 64)
2024-07-31,Jakarta Timur,14032,Beras Muncul I
2024-07-31,Jakarta Timur,15257,Beras IR 42/Pera
2024-07-31,Jakarta Timur,15298,Beras Setra I/Premium
2024-07-31,Jakarta Timur,17179,Minyak Goreng (Kuning/Curah)
2024-07-31,Jakarta Timur,47844,Cabe Merah Keriting
2024-07-31,Jakarta Timur,59027,Cabe Merah Besar (TW)
2024-07-31,Jakarta Timur,65816,Cabe Rawit Merah
2024-07-31,Jakarta Timur,56663,Cabe Rawit Hijau
2024-07-31,Jakarta Timur,36944,Bawang Merah
2024-07-31,Jakarta Timur,44539,Bawang Putih
2024-07-31,Jakarta Timur,141716,Daging Sapi Has (Paha Belakang)
2024-07-31,Jakarta Timur,136060,Daging Sapi Murni (Semur)
2024-07-31,Jakarta Timur,40948,Ayam Broiler/Ras
2024-07-31,Jakarta Timur,28501,Telur Ayam Ras
2024-07-31,Jakarta Timur,17532,Gula Pasir
2024-07-31,Jakarta Timur,11099,Tepung Terigu
2024-07-31,Jakarta Timur,3387,Garam Dapur
2024-07-31,Jakarta Timur,22343,Kentang (sedang)
2024-07-31,Jakarta Timur,12574,Tomat Buah
2024-07-31,Jakarta Timur,10197,Kelapa Kupas
2024-07-31,Jakarta Timur,11681,Semangka
2024-07-31,Jakarta Timur,28751,Jeruk Medan
2024-07-31,Jakarta Timur,148579,Daging Kambing
2024-07-31,Jakarta Timur,94930,Daging Babi Berlemak
2024-07-31,Jakarta Timur,43568,Ikan Bandeng (sedang)
2024-07-31,Jakarta Timur,37471,Ikan Mas
2024-07-31,Jakarta Timur,27723,Ikan Lele
2024-07-31,Jakarta Timur,21283,Gas Elpiji 3kg
2024-07-31,Jakarta Timur,44548,Susu Bubuk Bendera 400gr
2024-07-31,Jakarta Timur,43000,Susu Bubuk Dancow 400gr
2024-07-31,Jakarta Timur,12077,Susu Kental Bendera 200gr
2024-07-31,Jakarta Timur,11366,Susu Kental Enak 200gr
2024-07-31,Jakarta Timur,14717,Margarin Blueband Cup
2024-07-31,Jakarta Timur,10820,Margarin Blueband Sachet
2024-08-31,Jakarta Timur,42685,Bawang Putih
2024-08-31,Jakarta Timur,144889,Daging Sapi Has (Paha Belakang)
2024-08-31,Jakarta Timur,138033,Daging Sapi Murni (Semur)
2024-08-31,Jakarta Timur,39412,Ayam Broiler/Ras
2024-08-31,Jakarta Timur,27783,Telur Ayam Ras
2024-08-31,Jakarta Timur,17376,Gula Pasir
2024-08-31,Jakarta Timur,10371,Tepung Terigu
2024-08-31,Jakarta Timur,3601,Garam Dapur
2024-08-31,Jakarta Timur,21021,Kentang (sedang)
2024-08-31,Jakarta Timur,11013,Tomat Buah
2024-08-31,Jakarta Timur,9906,Kelapa Kupas
2024-08-31,Jakarta Timur,10563,Semangka
2024-08-31,Jakarta Timur,26309,Jeruk Medan
2024-08-31,Jakarta Timur,146325,Daging Kambing
2024-08-31,Jakarta Timur,102413,Daging Babi Berlemak
2024-08-31,Jakarta Timur,41354,Ikan Bandeng (sedang)
2024-08-31,Jakarta Timur,37923,Ikan Mas
2024-08-31,Jakarta Timur,27719,Ikan Lele
2024-08-31,Jakarta Timur,20860,Gas Elpiji 3kg
2024-08-31,Jakarta Timur,43733,Susu Bubuk Bendera 400gr
2024-08-31,Jakarta Timur,43000,Susu Bubuk Dancow 400gr
2024-08-31,Jakarta Timur,12305,Susu Kental Bendera 200gr
2024-08-31,Jakarta Timur,11414,Susu Kental Enak 200gr
2024-08-31,Jakarta Timur,14456,Margarin Blueband Cup
2024-08-31,Jakarta Timur,10534,Margarin Blueband Sachet
2024-08-31,Jakarta Pusat,14356,Beras IR I (IR 64)
2024-08-31,Jakarta Pusat,13095,Beras IR II (IR 64) Ramos
2024-08-31,Jakarta Pusat,12771,Beras IR III (IR 64)
2024-08-31,Jakarta Pusat,13834,Beras Muncul I
2024-08-31,Jakarta Pusat,15814,Beras IR 42/Pera
2024-08-31,Jakarta Pusat,15329,Beras Setra I/Premium
2024-08-31,Jakarta Pusat,17271,Minyak Goreng (Kuning/Curah)
2024-08-31,Jakarta Pusat,49432,Cabe Merah Keriting
2024-08-31,Jakarta Pusat,50912,Cabe Merah Besar (TW)
2024-08-31,Jakarta Pusat,74597,Cabe Rawit Merah
2024-08-31,Jakarta Pusat,55898,Cabe Rawit Hijau
2024-08-31,Jakarta Pusat,34605,Bawang Merah
2024-08-31,Jakarta Pusat,42028,Bawang Putih
2024-08-31,Jakarta Pusat,142101,Daging Sapi Has (Paha Belakang)
2024-08-31,Jakarta Pusat,133891,Daging Sapi Murni (Semur)
2024-08-31,Jakarta Pusat,39044,Ayam Broiler/Ras
2024-08-31,Jakarta Pusat,27995,Telur Ayam Ras
2024-08-31,Jakarta Pusat,17244,Gula Pasir
2024-08-31,Jakarta Pusat,10260,Tepung Terigu
2024-08-31,Jakarta Pusat,3400,Garam Dapur
2024-08-31,Jakarta Pusat,21723,Kentang (sedang)
2024-08-31,Jakarta Pusat,13396,Tomat Buah
2024-08-31,Jakarta Pusat,9666,Kelapa Kupas
2024-08-31,Jakarta Pusat,12006,Semangka
2024-08-31,Jakarta Pusat,30433,Jeruk Medan
2024-08-31,Jakarta Pusat,143916,Daging Kambing
2024-08-31,Jakarta Pusat,112444,Daging Babi Berlemak
2024-08-31,Jakarta Pusat,41483,Ikan Bandeng (sedang)
2024-08-31,Jakarta Pusat,39338,Ikan Mas
2024-08-31,Jakarta Pusat,27872,Ikan Lele
2024-08-31,Jakarta Pusat,20855,Gas Elpiji 3kg
2024-08-31,Jakarta Pusat,12638,Susu Kental Bendera 200gr
2024-08-31,Jakarta Pusat,11034,Susu Kental Enak 200gr
2024-08-31,Jakarta Pusat,15178,Margarin Blueband Cup
2024-08-31,Jakarta Pusat,10203,Margarin Blueband Sachet
2024-08-31,Jakarta Utara,14874,Beras IR I (IR 64)
2024-08-31,Jakarta Utara,14254,Beras IR II (IR 64) Ramos
2024-08-31,Jakarta Utara,13494,Beras IR III (IR 64)
2024-08-31,Jakarta Utara,15451,Beras Muncul I
2024-08-31,Jakarta Utara,15777,Beras IR 42/Pera
2024-08-31,Jakarta Utara,16347,Beras Setra I/Premium
2024-08-31,Jakarta Utara,17291,Minyak Goreng (Kuning/Curah)
2024-08-31,Jakarta Utara,54125,Cabe Merah Keriting
2024-08-31,Jakarta Utara,57997,Cabe Merah Besar (TW)
2024-08-31,Jakarta Utara,80302,Cabe Rawit Merah
2024-08-31,Jakarta Utara,60747,Cabe Rawit Hijau
2024-08-31,Jakarta Utara,34005,Bawang Merah
2024-08-31,Jakarta Utara,43324,Bawang Putih
2024-08-31,Jakarta Utara,146099,Daging Sapi Has (Paha Belakang)
2024-08-31,Jakarta Utara,143188,Daging Sapi Murni (Semur)
2024-08-31,Jakarta Utara,43071,Ayam Broiler/Ras
2024-08-31,Jakarta Utara,27799,Telur Ayam Ras
2024-08-31,Jakarta Utara,18285,Gula Pasir
2024-08-31,Jakarta Utara,11641,Tepung Terigu
2024-08-31,Jakarta Utara,5530,Garam Dapur
2024-08-31,Jakarta Utara,23334,Kentang (sedang)
2024-08-31,Jakarta Utara,13909,Tomat Buah
2024-08-31,Jakarta Utara,10761,Kelapa Kupas
2024-08-31,Jakarta Utara,12425,Semangka
2024-08-31,Jakarta Utara,33711,Jeruk Medan
2024-08-31,Jakarta Utara,142416,Daging Kambing
2024-08-31,Jakarta Utara,102291,Daging Babi Berlemak
2024-08-31,Jakarta Utara,41593,Ikan Bandeng (sedang)
2024-08-31,Jakarta Utara,37160,Ikan Mas
2024-08-31,Jakarta Utara,29528,Ikan Lele
2024-08-31,Jakarta Utara,21000,Gas Elpiji 3kg
2024-08-31,Jakarta Utara,44566,Susu Bubuk Bendera 400gr
2024-08-31,Jakarta Utara,55372,Susu Bubuk Dancow 400gr
2024-08-31,Jakarta Utara,14044,Susu Kental Bendera 200gr
2024-08-31,Jakarta Utara,11624,Susu Kental Enak 200gr
2024-08-31,Jakarta Utara,17583,Margarin Blueband Cup
2024-08-31,Jakarta Utara,11008,Margarin Blueband Sachet
2024-08-31,Jakarta Barat,15138,Beras IR I (IR 64)
2024-08-31,Jakarta Barat,14106,Beras IR II (IR 64) Ramos
2024-08-31,Jakarta Barat,13189,Beras IR III (IR 64)
2024-08-31,Jakarta Barat,14266,Beras Muncul I
2024-08-31,Jakarta Barat,15978,Beras IR 42/Pera
2024-08-31,Jakarta Barat,15191,Beras Setra I/Premium
2024-08-31,Jakarta Barat,17489,Minyak Goreng (Kuning/Curah)
2024-08-31,Jakarta Barat,47526,Cabe Merah Keriting
2024-08-31,Jakarta Barat,47412,Cabe Merah Besar (TW)
2024-08-31,Jakarta Barat,69807,Cabe Rawit Merah
2024-08-31,Jakarta Barat,52210,Cabe Rawit Hijau
2024-08-31,Jakarta Barat,30785,Bawang Merah
2024-08-31,Jakarta Barat,41328,Bawang Putih
2024-08-31,Jakarta Barat,145171,Daging Sapi Has (Paha Belakang)
2024-08-31,Jakarta Barat,138043,Daging Sapi Murni (Semur)
2024-08-31,Jakarta Barat,38503,Ayam Broiler/Ras
2024-08-31,Jakarta Barat,27655,Telur Ayam Ras
2024-08-31,Jakarta Barat,18661,Gula Pasir
2024-08-31,Jakarta Barat,11267,Tepung Terigu
2024-08-31,Jakarta Barat,4460,Garam Dapur
2024-08-31,Jakarta Barat,22596,Kentang (sedang)
2024-08-31,Jakarta Barat,11930,Tomat Buah
2024-08-31,Jakarta Barat,8980,Kelapa Kupas
2024-08-31,Jakarta Barat,11266,Semangka
2024-08-31,Jakarta Barat,28233,Jeruk Medan
2024-08-31,Jakarta Barat,148277,Daging Kambing
2024-08-31,Jakarta Barat,118427,Daging Babi Berlemak
2024-08-31,Jakarta Barat,42352,Ikan Bandeng (sedang)
2024-08-31,Jakarta Barat,37378,Ikan Mas
2024-08-31,Jakarta Barat,29167,Ikan Lele
2024-08-31,Jakarta Barat,22033,Gas Elpiji 3kg
2024-08-31,Jakarta Barat,33400,Susu Bubuk Bendera 400gr
2024-08-31,Jakarta Barat,43500,Susu Bubuk Dancow 400gr
2024-08-31,Jakarta Barat,13251,Susu Kental Bendera 200gr
2024-08-31,Jakarta Barat,12194,Susu Kental Enak 200gr
2024-08-31,Jakarta Barat,14350,Margarin Blueband Cup
2024-08-31,Jakarta Barat,9454,Margarin Blueband Sachet
2024-08-31,Jakarta Selatan,14316,Beras IR I (IR 64)
2024-08-31,Jakarta Selatan,14691,Beras IR II (IR 64) Ramos
2024-08-31,Jakarta Selatan,13411,Beras IR III (IR 64)
2024-08-31,Jakarta Selatan,18558,Beras Muncul I
2024-08-31,Jakarta Selatan,15481,Beras IR 42/Pera
2024-08-31,Jakarta Selatan,14583,Beras Setra I/Premium
2024-08-31,Jakarta Selatan,17356,Minyak Goreng (Kuning/Curah)
2024-08-31,Jakarta Selatan,46608,Cabe Merah Keriting
2024-08-31,Jakarta Selatan,53760,Cabe Merah Besar (TW)
2024-08-31,Jakarta Selatan,72040,Cabe Rawit Merah
2024-08-31,Jakarta Selatan,56703,Cabe Rawit Hijau
2024-08-31,Jakarta Selatan,31750,Bawang Merah
2024-08-31,Jakarta Selatan,43359,Bawang Putih
2024-08-31,Jakarta Selatan,137385,Daging Sapi Has (Paha Belakang)
2024-08-31,Jakarta Selatan,136350,Daging Sapi Murni (Semur)
2024-08-31,Jakarta Selatan,39468,Ayam Broiler/Ras
2024-08-31,Jakarta Selatan,28043,Telur Ayam Ras
2024-08-31,Jakarta Selatan,18369,Gula Pasir
2024-08-31,Jakarta Selatan,10548,Tepung Terigu
2024-08-31,Jakarta Selatan,4298,Garam Dapur
2024-08-31,Jakarta Selatan,23149,Kentang (sedang)
2024-08-31,Jakarta Selatan,11927,Tomat Buah
2024-08-31,Jakarta Selatan,9822,Kelapa Kupas
2024-08-31,Jakarta Selatan,12059,Semangka
2024-08-31,Jakarta Selatan,31496,Jeruk Medan
2024-08-31,Jakarta Selatan,147125,Daging Kambing
2024-08-31,Jakarta Selatan,150333,Daging Babi Berlemak
2024-08-31,Jakarta Selatan,39179,Ikan Bandeng (sedang)
2024-08-31,Jakarta Selatan,38442,Ikan Mas
2024-08-31,Jakarta Selatan,28898,Ikan Lele
2024-08-31,Jakarta Selatan,20966,Gas Elpiji 3kg
2024-08-31,Jakarta Selatan,48750,Susu Bubuk Dancow 400gr
2024-08-31,Jakarta Selatan,13030,Susu Kental Bendera 200gr
2024-08-31,Jakarta Selatan,11449,Susu Kental Enak 200gr
2024-08-31,Jakarta Selatan,17323,Margarin Blueband Cup
2024-08-31,Jakarta Selatan,10439,Margarin Blueband Sachet
2024-08-31,Jakarta Timur,14804,Beras IR I (IR 64)
2024-08-31,Jakarta Timur,13991,Beras IR II (IR 64) Ramos
2024-08-31,Jakarta Timur,13198,Beras IR III (IR 64)
2024-08-31,Jakarta Timur,14511,Beras Muncul I
2024-08-31,Jakarta Timur,15225,Beras IR 42/Pera
2024-08-31,Jakarta Timur,15461,Beras Setra I/Premium
2024-08-31,Jakarta Timur,17271,Minyak Goreng (Kuning/Curah)
2024-08-31,Jakarta Timur,45127,Cabe Merah Keriting
2024-08-31,Jakarta Timur,52792,Cabe Merah Besar (TW)
2024-08-31,Jakarta Timur,69914,Cabe Rawit Merah
2024-08-31,Jakarta Timur,51730,Cabe Rawit Hijau
2024-08-31,Jakarta Timur,30774,Bawang Merah
